categoria,cantidad_kg,dias_restantes,fraccion_vida,mes,demanda_categoria,precio_kg
frutas,325.0,11,0.6471,11,6.4,2556.03
lacteos,620.0,9,0.75,2,1.58,4268.0
lacteos,660.0,4,0.3636,6,1.57,2398.56
otros,500.0,14,0.2745,10,1.87,1972.08
lacteos,22.0,10,0.7692,6,4.37,4089.7
otros,500.0,17,0.3617,4,1.64,1680.66
tuberculos,250.0,17,0.68,3,5.31,1363.65
lacteos,1000.0,6,0.4615,5,3.93,3280.6
lacteos,48.0,4,0.8,10,5.24,4556.51
granos,150.0,109,0.5046,2,8.87,4051.28
otros,680.0,3,0.0811,8,5.09,1976.74
granos,725.0,34,0.3469,3,2.86,2584.98
lacteos,687.5,3,1.0,4,5.45,4717.1
otros,312.5,17,0.4048,10,1.9,2121.25
lacteos,537.5,9,0.75,2,3.37,4576.14
tuberculos,187.5,6,0.1579,4,3.13,816.86
tuberculos,440.0,8,0.3333,11,1.5,1267.47
hortalizas,2350.0,3,0.2308,6,2.83,1163.46
frutas,43.0,9,0.75,4,3.99,3060.33
frutas,2000.0,8,0.4706,6,3.39,2289.31
granos,587.5,86,0.7611,1,8.22,3870.59
lacteos,2350.0,0,0.0,3,1.47,1950.52
granos,9.0,74,0.2925,12,1.34,2617.6
hortalizas,337.5,7,0.7,12,1.38,2061.68
otros,2550.0,13,0.5417,6,2.98,1883.04
granos,950.0,38,0.2969,2,2.23,2495.38
lacteos,380.0,12,1.0,2,2.2,4244.14
frutas,237.5,7,0.5385,10,6.0,2723.43
granos,2700.0,106,0.6235,4,1.91,3059.01
hortalizas,180.0,9,1.0,11,9.3,3024.31
frutas,25.0,6,0.4615,10,2.38,2271.64
lacteos,12.5,4,0.3333,12,0.9,4113.25
otros,22.0,11,0.7333,8,1.21,2593.41
hortalizas,1300.0,7,0.4667,2,4.28,1906.67
frutas,18.0,15,1.0,7,1.6,2594.64
otros,250.0,1,0.02,9,3.41,1783.63
frutas,100.0,11,1.0,6,4.92,3334.93
otros,36.0,28,0.5,7,3.81,2357.49
lacteos,200.0,0,0.0,8,1.58,1704.3
granos,40.0,260,0.8497,2,1.78,2831.42
tuberculos,2800.0,32,0.7805,11,12.92,1660.33
frutas,340.0,15,1.0,6,12.41,3398.79
otros,53.0,49,0.9608,1,2.47,2969.34
hortalizas,55.0,8,1.0,12,4.59,2749.46
tuberculos,42.0,13,0.5417,1,3.97,1379.32
granos,612.5,223,0.8051,4,3.47,3645.73
granos,53.0,50,0.495,3,12.18,4291.39
hortalizas,687.5,0,0.0,7,1.21,922.92
tuberculos,50.0,39,0.6842,11,4.65,1621.29
granos,1850.0,192,0.6295,10,3.07,2976.62
otros,587.5,45,0.8491,5,3.81,2091.33
tuberculos,450.0,6,0.1538,3,0.73,745.99
tuberculos,700.0,6,0.1714,4,7.94,1266.95
lacteos,2850.0,3,0.4286,11,4.6,3589.09
lacteos,137.5,0,0.0,9,1.12,1978.84
otros,37.0,26,0.65,9,5.6,3046.91
otros,480.0,9,0.1552,8,5.27,1867.16
frutas,150.0,7,0.7778,2,4.21,3549.67
tuberculos,2150.0,27,0.6923,10,4.52,1332.85
frutas,47.0,16,0.8421,2,8.78,4516.3
otros,2200.0,10,0.2083,5,3.97,1565.4
lacteos,237.5,4,0.5714,2,4.42,4072.51
lacteos,550.0,1,0.1429,7,1.63,2354.29
frutas,20.0,7,0.6364,9,6.01,3337.97
otros,29.0,5,0.122,8,2.29,2057.67
lacteos,725.0,6,0.4615,6,1.67,2849.11
lacteos,24.0,7,0.5385,12,3.48,4632.6
frutas,40.0,4,0.6667,8,3.7,2579.41
otros,27.0,2,0.25,2,3.87,1847.88
hortalizas,1.0,11,0.9167,1,5.97,2846.43
otros,300.0,5,0.2632,1,5.67,2137.28
otros,540.0,36,0.8182,1,1.72,2191.37
granos,300.0,162,0.5492,11,2.02,2497.69
frutas,1550.0,0,0.0,12,0.89,1280.86
frutas,560.0,1,0.2,9,6.35,1934.06
tuberculos,412.5,36,0.6,10,2.87,1516.2
hortalizas,312.5,8,0.5333,7,6.92,2030.88
frutas,2050.0,3,0.4286,5,11.33,3026.62
otros,462.5,2,0.0909,6,4.27,1611.78
frutas,56.0,10,0.9091,8,1.2,2352.77
tuberculos,6.0,5,0.1282,7,4.31,1262.22
granos,187.5,167,0.6185,10,6.9,3746.22
granos,2400.0,182,0.963,9,3.58,3630.7
lacteos,300.0,2,0.2222,4,1.58,2936.85
frutas,980.0,6,1.0,1,2.65,2958.85
lacteos,2700.0,0,0.0,1,0.38,2434.36
lacteos,2000.0,1,0.25,2,14.3,3901.81
lacteos,2250.0,1,0.0909,5,3.6,2569.9
lacteos,42.0,4,0.4444,2,6.23,4412.36
hortalizas,780.0,12,0.8571,2,8.43,2975.61
otros,362.5,1,0.0213,6,2.48,1281.27
otros,12.0,6,0.6667,4,2.13,1673.79
frutas,50.0,1,0.1667,11,4.01,2030.85
lacteos,43.0,7,0.5833,5,5.51,4157.65
hortalizas,820.0,5,0.5,11,3.11,1825.21
frutas,437.5,7,0.3889,6,2.17,2196.74
otros,1200.0,35,0.625,3,6.24,2133.36
granos,312.5,239,0.6928,4,0.82,3360.66
hortalizas,2150.0,6,0.5,12,8.11,2330.25
granos,850.0,175,0.5162,12,2.63,2730.22
granos,487.5,237,0.8116,7,3.98,3808.44
frutas,2900.0,8,0.8889,9,2.35,1985.37
granos,650.0,293,0.9638,12,4.0,3438.58
frutas,14.0,11,0.6471,7,1.94,2676.75
hortalizas,712.5,0,0.0,1,1.31,1052.11
granos,880.0,2,0.0066,9,5.54,2239.41
frutas,540.0,3,0.2143,1,4.08,2420.26
lacteos,740.0,6,0.75,9,1.3,3658.87
lacteos,525.0,13,0.9286,8,2.59,3432.89
otros,40.0,12,0.7059,5,0.77,2230.16
granos,400.0,133,0.7778,2,5.19,3264.63
lacteos,375.0,0,0.0,11,10.74,3570.61
frutas,33.0,2,0.3333,1,1.56,2651.81
tuberculos,1140.0,33,0.8919,10,1.5,1473.7
tuberculos,662.5,16,0.5517,11,2.16,1388.31
granos,637.5,6,0.0222,3,5.99,3026.35
frutas,700.0,3,0.2308,10,5.92,2275.06
granos,800.0,70,0.2536,11,2.33,2404.59
hortalizas,950.0,2,0.3333,12,4.21,2050.09
otros,18.0,43,0.7414,1,0.21,2030.44
hortalizas,37.5,8,0.8,1,1.32,2382.09
otros,58.0,20,0.4545,4,2.79,1823.92
hortalizas,200.0,2,0.3333,1,2.82,1614.97
tuberculos,560.0,20,0.5405,11,3.09,1139.59
otros,1000.0,28,0.875,3,4.12,1980.17
tuberculos,600.0,33,0.8684,2,4.96,1403.28
frutas,49.0,5,1.0,1,0.66,3233.78
frutas,2050.0,3,0.2143,11,3.6,2168.73
tuberculos,1180.0,24,0.9231,11,3.36,1445.33
otros,100.0,36,0.9231,5,1.48,2178.69
frutas,31.0,4,0.2857,5,5.63,2937.01
lacteos,42.0,3,0.4286,2,1.0,4209.25
lacteos,180.0,0,0.0,8,3.36,1930.24
frutas,400.0,6,0.8571,12,3.2,3286.39
granos,34.0,97,0.3865,11,3.45,2604.77
hortalizas,27.0,6,0.75,8,4.84,1836.29
hortalizas,500.0,0,0.0,3,6.75,1278.71
hortalizas,562.5,6,0.5455,9,7.88,2170.08
lacteos,687.5,2,0.1333,7,2.84,2355.2
tuberculos,46.0,34,0.9444,11,2.4,1696.5
tuberculos,41.0,15,0.2542,3,1.14,780.45
granos,312.5,215,0.6476,7,7.55,4832.15
otros,46.0,16,0.4324,11,1.74,2229.5
frutas,1350.0,3,0.375,1,11.07,3412.71
otros,462.5,34,0.6296,4,20.12,2215.49
frutas,600.0,8,0.5714,6,6.27,2964.18
lacteos,19.0,1,0.25,9,1.39,2815.29
granos,362.5,114,0.3423,3,0.93,2484.7
tuberculos,1.0,3,0.1,6,5.57,1117.3
otros,100.0,3,0.25,4,3.07,1652.32
frutas,420.0,12,0.6,12,1.23,2568.21
hortalizas,49.0,5,0.4545,11,1.61,1849.83
frutas,7.0,4,0.4444,11,1.87,2426.29
otros,87.5,23,0.8519,10,2.97,2756.88
tuberculos,860.0,5,0.2083,2,3.52,872.67
granos,137.5,12,0.0588,3,6.59,3175.75
granos,20.0,170,0.7203,3,2.58,3721.57
frutas,850.0,5,0.2941,6,2.91,2089.46
tuberculos,11.0,9,0.36,12,7.34,1621.12
tuberculos,10.0,41,0.9762,4,6.4,1738.57
frutas,250.0,10,1.0,6,4.14,3253.12
otros,980.0,8,0.1333,9,0.57,1674.97
lacteos,55.0,4,0.5714,5,2.23,3401.77
granos,13.0,256,0.8285,12,1.36,3085.44
granos,650.0,102,0.2802,1,6.33,2727.46
lacteos,125.0,5,0.4545,12,1.36,4007.57
hortalizas,250.0,8,0.6667,6,4.68,1785.15
frutas,700.0,15,1.0,1,0.86,2720.21
lacteos,275.0,2,0.1818,12,10.44,4101.94
otros,1750.0,5,0.1351,7,3.68,1643.47
tuberculos,350.0,24,0.7059,6,3.34,1477.32
frutas,900.0,11,0.7333,1,1.05,2448.82
otros,54.0,40,0.7547,9,3.47,2782.6
hortalizas,2700.0,2,0.25,11,4.51,1468.36
lacteos,2200.0,9,0.6,4,3.32,3862.1
granos,1650.0,88,0.44,1,2.15,2629.36
tuberculos,1000.0,6,0.1579,11,1.43,1041.3
tuberculos,600.0,37,0.8222,3,2.13,1064.59
otros,2950.0,1,0.0169,10,3.62,1453.13
lacteos,1900.0,4,0.6667,4,3.65,3640.46
hortalizas,360.0,5,0.7143,11,1.93,1881.45
tuberculos,280.0,7,0.1346,2,2.85,860.12
tuberculos,56.0,17,0.2833,2,8.03,1230.84
hortalizas,56.0,10,0.6667,2,4.58,2327.45
hortalizas,42.0,5,0.4167,10,5.32,2048.94
hortalizas,2350.0,3,0.3,8,3.16,1439.02
frutas,225.0,6,0.3,6,5.18,2585.04
lacteos,820.0,2,0.2857,10,1.67,3037.46
hortalizas,200.0,10,0.7692,6,2.75,1682.79
otros,19.0,4,0.3333,7,1.38,1931.04
frutas,120.0,10,0.9091,1,2.68,3122.17
frutas,320.0,0,0.0,10,2.7,1565.61
tuberculos,1750.0,20,0.5556,4,3.43,1093.31
lacteos,312.5,3,0.3333,3,2.12,3502.21
lacteos,10.0,1,0.25,3,6.76,4671.74
otros,550.0,14,1.0,6,3.63,2690.51
otros,37.0,24,0.4444,3,2.48,1643.68
frutas,1150.0,11,0.7857,10,10.49,2807.52
otros,462.5,14,0.359,4,1.36,1331.99
tuberculos,562.5,6,0.1395,4,4.53,1000.04
granos,22.0,233,0.8442,1,0.89,3149.46
lacteos,120.0,5,1.0,6,6.67,4785.21
tuberculos,1400.0,13,0.4643,3,1.47,856.14
tuberculos,387.5,3,0.1071,3,3.08,791.87
tuberculos,31.0,8,0.2353,5,4.16,1100.5
lacteos,840.0,0,0.0,2,0.89,1914.39
tuberculos,1140.0,5,0.2,10,7.9,1531.73
tuberculos,50.0,4,0.1905,4,2.06,968.84
otros,400.0,13,0.8125,6,3.56,2122.07
tuberculos,162.5,17,0.68,3,9.16,1368.1
granos,325.0,126,0.6702,6,3.51,3471.83
lacteos,200.0,6,0.75,6,8.98,4407.79
tuberculos,725.0,15,0.3571,5,3.23,1032.32
granos,637.5,280,0.9689,3,2.31,3544.58
granos,220.0,309,0.9717,8,5.11,5115.71
otros,1100.0,3,0.1071,7,3.39,1834.08
otros,20.0,3,0.0811,9,0.28,1806.09
tuberculos,1120.0,11,0.55,4,3.27,1172.35
frutas,26.0,6,0.6667,10,0.3,2293.02
frutas,1020.0,16,0.8,3,1.41,2402.69
tuberculos,187.5,27,0.5094,7,0.15,1314.07
otros,100.0,3,0.1154,2,5.87,1872.7
lacteos,80.0,5,0.8333,1,4.4,5671.72
granos,350.0,85,0.6296,5,0.71,3608.45
otros,27.0,33,0.9429,2,5.64,2587.07
granos,175.0,69,0.1966,10,10.81,3294.39
otros,1100.0,48,0.8889,6,4.56,2261.61
tuberculos,780.0,29,0.4833,1,1.78,1050.86
tuberculos,900.0,6,0.2857,11,4.33,1299.24
lacteos,1040.0,0,0.0,7,2.72,2031.09
hortalizas,587.5,4,0.2667,3,4.4,1807.33
lacteos,1600.0,1,0.0714,10,5.97,2532.61
granos,360.0,116,0.928,7,3.81,4924.43
tuberculos,337.5,37,0.7708,6,2.93,1417.91
frutas,34.0,5,0.8333,10,1.48,2721.41
frutas,51.0,1,0.2,3,10.82,3096.8
granos,60.0,304,0.8736,3,2.56,3627.16
frutas,1100.0,1,0.125,11,5.32,2015.24
granos,1950.0,268,0.8645,11,7.76,3476.18
tuberculos,462.5,12,0.4138,12,3.41,1202.63
tuberculos,137.5,17,0.6296,8,1.49,1544.78
lacteos,43.0,11,0.9167,12,1.46,4017.77
granos,2800.0,7,0.03,6,7.15,3002.64
lacteos,43.0,2,0.2,8,4.14,3258.49
tuberculos,537.5,16,0.2857,1,4.83,1085.48
otros,600.0,14,0.4667,11,3.57,2433.61
lacteos,840.0,11,1.0,5,4.67,4144.65
frutas,400.0,8,0.5,3,0.54,2694.82
tuberculos,700.0,5,0.1111,11,2.93,920.29
lacteos,24.0,1,0.2,4,5.01,3605.75
hortalizas,45.0,10,0.8333,5,0.9,1682.74
hortalizas,42.0,3,0.375,7,1.26,1274.33
hortalizas,350.0,8,0.6154,10,1.12,1708.05
tuberculos,14.0,6,0.1765,6,4.79,1244.39
hortalizas,275.0,1,0.125,2,4.96,1406.09
otros,80.0,10,0.5263,12,8.0,2560.55
granos,1350.0,172,0.4712,11,2.87,2809.62
lacteos,35.0,3,0.75,6,5.19,4121.82
lacteos,1180.0,7,0.7,2,1.42,3339.4
lacteos,140.0,10,0.6667,11,6.01,4747.76
lacteos,520.0,6,0.6,5,1.66,3223.66
hortalizas,38.0,5,0.7143,12,2.48,2182.46
lacteos,14.0,4,0.8,10,2.97,4395.75
hortalizas,500.0,12,1.0,3,1.95,2010.88
frutas,525.0,11,1.0,4,2.8,3272.26
lacteos,40.0,11,0.8462,1,6.76,6031.72
hortalizas,2200.0,7,1.0,10,1.83,1776.61
frutas,11.0,2,0.2,3,2.29,2262.47
granos,400.0,197,0.7378,12,4.64,3253.26
frutas,300.0,8,1.0,10,7.2,2799.52
hortalizas,187.5,3,0.4286,4,3.86,1613.59
granos,87.5,98,0.6012,4,3.54,3962.64
otros,760.0,8,0.4211,5,1.73,1614.78
tuberculos,24.0,8,0.1538,12,7.19,1522.78
granos,640.0,89,0.8641,4,1.62,3575.84
frutas,140.0,2,0.1176,9,6.53,1952.11
otros,200.0,2,0.0426,9,2.28,1498.15
hortalizas,1500.0,7,0.7,7,2.89,1514.53
lacteos,900.0,5,0.8333,9,2.76,3668.98
tuberculos,2450.0,0,0.0,12,14.08,977.79
granos,280.0,15,0.0682,2,3.95,2353.49
granos,450.0,184,0.5993,12,3.69,2824.91
hortalizas,900.0,2,0.25,8,1.79,1142.11
otros,1800.0,14,0.3111,6,1.94,1516.54
lacteos,312.5,3,1.0,12,2.13,4539.19
granos,2200.0,73,0.2219,11,1.04,1922.41
lacteos,25.0,5,0.8333,1,1.19,4583.43
tuberculos,350.0,47,0.94,6,2.29,1566.69
frutas,80.0,16,0.8421,5,5.28,3248.88
hortalizas,980.0,10,0.7143,4,5.16,2069.93
hortalizas,4.0,2,0.3333,12,7.17,2356.58
lacteos,60.0,0,0.0,8,3.1,2112.08
otros,525.0,19,0.4222,5,0.9,1457.62
lacteos,45.0,2,0.3333,3,4.82,4228.07
granos,53.0,288,0.8834,10,2.22,3244.47
granos,737.5,38,0.1114,7,7.05,3754.99
tuberculos,2750.0,7,0.1556,2,1.13,720.13
granos,50.0,83,0.7545,5,1.08,3525.93
lacteos,50.0,10,0.8333,10,2.3,3695.66
granos,2150.0,18,0.0793,12,0.92,1570.43
otros,25.0,5,0.1087,7,5.44,2174.45
granos,26.0,126,0.5888,3,0.62,3191.88
tuberculos,2100.0,28,0.549,1,2.56,1053.94
otros,600.0,6,0.375,4,2.61,1629.59
frutas,1120.0,2,0.25,7,3.44,1665.86
lacteos,262.5,4,0.8,4,3.79,4381.19
frutas,1050.0,2,0.1,8,7.59,1827.82
hortalizas,187.5,8,1.0,12,1.54,2444.02
otros,475.0,0,0.0,7,5.06,1554.86
tuberculos,2400.0,25,0.6944,5,2.04,1217.92
granos,50.0,320,0.9877,3,3.42,3985.25
otros,16.0,2,0.0833,8,2.62,1917.69
otros,2.0,31,0.8158,11,4.46,3538.1
lacteos,27.0,3,0.375,10,4.14,3688.93
granos,2050.0,114,0.3363,2,6.13,2789.99
hortalizas,1040.0,11,1.0,6,5.6,2203.62
lacteos,7.0,4,0.8,5,2.29,3371.12
granos,1900.0,66,0.2472,10,0.71,2311.05
otros,2050.0,20,0.625,3,2.69,1589.56
frutas,9.0,0,0.0,10,2.1,1582.23
granos,620.0,28,0.2979,12,3.42,2325.4
hortalizas,240.0,3,0.2143,7,4.97,1584.01
otros,475.0,19,0.475,7,2.58,1845.89
lacteos,620.0,2,0.1667,6,3.19,2367.48
frutas,725.0,0,0.0,3,0.57,1503.8
granos,56.0,28,0.0959,11,3.25,2141.64
granos,160.0,124,0.4769,4,2.45,3143.65
otros,25.0,8,0.32,6,3.48,1699.94
frutas,950.0,13,0.7222,11,6.27,2746.65
hortalizas,820.0,2,0.3333,6,2.68,1234.27
frutas,337.5,3,0.6,2,2.34,2752.87
hortalizas,41.0,3,0.375,8,0.93,1249.79
tuberculos,20.0,9,0.45,6,3.79,1396.35
otros,450.0,7,0.2,1,3.87,1717.37
lacteos,1000.0,0,0.0,12,3.97,2690.09
otros,600.0,17,0.7727,8,2.14,2296.46
tuberculos,1600.0,37,0.9737,2,3.1,1386.34
granos,112.5,0,0.0,12,5.34,2087.13
lacteos,33.0,0,0.0,6,4.72,2217.3
otros,2150.0,18,0.9,11,0.79,1896.76
otros,2700.0,9,0.3214,12,2.21,1795.58
tuberculos,43.0,20,0.5556,9,6.63,1915.4
granos,225.0,75,0.3989,9,1.73,2628.4
frutas,3.0,3,0.2143,11,1.19,1823.6
granos,41.0,119,0.9597,9,3.47,3948.92
hortalizas,1250.0,1,0.0909,9,0.82,1175.13
frutas,2350.0,11,0.8462,3,6.5,3740.21
granos,56.0,42,0.2577,2,0.39,2356.75
hortalizas,312.5,7,1.0,5,0.29,1652.0
granos,18.0,21,0.2188,10,6.73,3196.72
lacteos,25.0,9,1.0,10,3.86,4828.92
hortalizas,860.0,1,0.1111,10,6.13,1432.68
otros,60.0,27,0.45,2,1.81,1840.47
lacteos,1550.0,11,0.8462,11,1.67,3977.54
otros,350.0,6,0.6667,4,4.76,2100.32
hortalizas,1100.0,6,0.8571,6,4.98,1707.32
tuberculos,150.0,11,0.3667,2,12.89,1360.84
tuberculos,500.0,52,0.9811,12,2.45,1367.97
frutas,1650.0,7,1.0,3,4.23,3421.15
frutas,21.0,18,0.9474,7,1.8,2554.78
hortalizas,31.0,0,0.0,7,3.17,1026.74
tuberculos,320.0,15,0.2586,3,4.27,1057.52
tuberculos,43.0,18,0.4737,2,7.95,1510.57
otros,35.0,10,0.9091,12,1.77,2490.67
lacteos,237.5,6,0.75,3,4.28,4676.9
granos,7.0,64,0.5926,8,12.36,4263.1
lacteos,1200.0,14,0.9333,11,3.03,5044.79
otros,625.0,17,0.4722,1,1.36,1896.87
hortalizas,237.5,5,0.7143,8,2.81,1703.27
otros,225.0,0,0.0,8,6.98,1760.78
otros,42.0,17,0.3469,6,5.82,2422.54
frutas,100.0,3,0.5,2,3.36,2781.93
otros,2750.0,32,0.6038,8,3.56,2086.97
frutas,2100.0,0,0.0,3,12.76,2303.26
frutas,525.0,8,1.0,9,1.47,2292.11
lacteos,17.0,1,0.0833,4,7.62,3207.75
hortalizas,512.5,5,0.625,1,0.69,1820.32
otros,380.0,46,1.0,10,5.4,3547.18
frutas,1700.0,8,0.8,6,6.99,2616.36
lacteos,12.5,1,0.25,3,4.72,4125.94
frutas,462.5,14,0.8235,12,4.53,3138.56
lacteos,300.0,1,0.25,12,1.0,2986.01
tuberculos,500.0,34,0.85,5,7.08,1658.31
frutas,1000.0,3,0.1875,5,6.52,2592.55
lacteos,2800.0,2,0.6667,4,7.34,5269.29
lacteos,18.0,1,0.0769,1,2.22,2559.23
tuberculos,212.5,33,0.7857,10,11.24,2255.73
tuberculos,1120.0,15,0.5769,1,8.26,1514.89
otros,612.5,34,0.7727,6,13.07,2765.28
tuberculos,575.0,23,0.697,4,0.19,845.97
hortalizas,27.0,6,0.5455,9,1.5,1823.05
granos,18.0,10,0.1087,10,16.8,3376.01
frutas,1050.0,5,0.8333,10,0.34,2182.97
hortalizas,300.0,15,1.0,3,8.91,2802.89
hortalizas,560.0,9,0.6923,11,1.11,1941.52
lacteos,400.0,6,1.0,12,9.25,5793.77
hortalizas,262.5,10,1.0,2,7.14,2583.76
otros,6.0,44,0.7719,3,3.05,2243.52
otros,4.0,4,0.087,9,3.44,2063.2
otros,1400.0,40,0.8889,4,5.43,1967.15
hortalizas,500.0,5,0.4167,10,0.4,1362.14
lacteos,625.0,3,0.3,7,2.32,2413.22
lacteos,1850.0,3,0.3,9,4.11,2724.0
lacteos,625.0,0,0.0,7,0.19,1556.13
tuberculos,1.0,8,0.1818,9,7.1,1613.11
hortalizas,625.0,6,0.75,11,0.47,2133.44
hortalizas,23.0,4,0.8,3,3.29,1927.82
hortalizas,1020.0,0,0.0,5,2.75,894.72
hortalizas,58.0,1,0.1111,12,3.52,1577.92
granos,820.0,111,0.75,6,2.45,4054.56
tuberculos,625.0,38,0.717,1,4.93,1333.15
lacteos,512.5,10,0.9091,6,0.48,2795.41
hortalizas,2.0,5,0.3571,3,1.83,1715.36
tuberculos,575.0,35,0.814,8,2.28,1577.94
frutas,320.0,18,0.9474,8,0.36,2347.1
granos,1080.0,3,0.0319,8,3.93,2424.83
lacteos,50.0,3,0.3333,6,8.31,3773.35
otros,540.0,1,0.037,3,5.73,1609.6
hortalizas,2250.0,1,0.1,12,2.11,1467.48
hortalizas,650.0,2,0.2857,1,7.57,2401.81
hortalizas,1000.0,7,0.7,5,2.01,1553.4
frutas,39.0,7,0.35,7,3.36,2386.88
frutas,2400.0,3,0.2143,11,2.81,2091.34
lacteos,36.0,2,0.4,6,6.98,4079.95
frutas,760.0,10,0.9091,11,2.9,2413.4
lacteos,22.0,7,0.5,5,5.24,4040.97
otros,525.0,22,0.5116,10,2.23,2712.62
lacteos,200.0,5,0.8333,5,3.06,3201.93
hortalizas,100.0,1,0.0769,6,6.0,1513.88
otros,1080.0,19,0.3455,12,9.84,2336.04
frutas,1050.0,8,0.7273,5,4.7,3201.26
granos,660.0,189,0.8326,8,4.42,3768.86
granos,460.0,36,0.2449,3,6.51,3279.45
hortalizas,612.5,3,0.2143,11,8.46,2173.24
hortalizas,220.0,1,0.0714,6,5.53,1196.35
otros,312.5,12,0.2105,7,6.8,2382.66
lacteos,425.0,8,1.0,3,1.51,4125.05
granos,1150.0,81,0.7431,6,5.94,4300.3
tuberculos,700.0,12,0.3077,7,6.36,1598.92
frutas,700.0,7,0.7,11,3.91,2496.7
lacteos,44.0,4,0.3333,9,3.22,2955.34
tuberculos,280.0,2,0.0571,12,7.52,1130.45
otros,2000.0,46,0.8519,7,3.11,2133.88
frutas,380.0,6,0.5,3,2.18,3266.5
frutas,49.0,2,0.25,2,7.88,3180.05
granos,25.0,147,0.405,7,2.89,3371.77
lacteos,16.0,3,0.375,9,2.36,3123.21
granos,42.0,302,0.8988,4,5.45,4570.58
granos,4.0,173,0.8009,7,9.23,4971.55
hortalizas,13.0,8,0.5714,10,6.62,2246.49
lacteos,737.5,4,0.8,1,7.88,4998.56
frutas,480.0,3,0.5,10,8.41,2748.46
granos,2250.0,102,0.4359,12,6.07,3021.19
granos,75.0,177,0.5057,9,4.48,3643.37
hortalizas,200.0,3,0.2308,1,3.14,1724.52
granos,400.0,23,0.0996,2,6.8,2711.21
hortalizas,45.0,2,0.25,9,2.04,1436.78
tuberculos,840.0,19,0.5429,1,10.08,1444.41
otros,2250.0,14,0.5385,10,14.56,2708.68
tuberculos,17.0,27,0.6136,3,6.72,1589.18
otros,12.0,0,0.0,11,1.29,1544.95
tuberculos,575.0,22,0.5238,8,1.1,1318.67
lacteos,52.0,7,0.6364,12,0.66,4218.09
hortalizas,620.0,6,0.8571,9,10.22,2639.34
hortalizas,1050.0,11,0.7857,8,2.93,2166.35
granos,460.0,19,0.1863,6,1.35,2605.65
tuberculos,35.0,39,0.8864,1,3.58,1491.4
hortalizas,500.0,3,0.3333,4,3.06,1414.91
otros,50.0,6,0.2,6,5.0,1997.07
granos,625.0,49,0.4153,2,6.14,2968.89
hortalizas,2650.0,4,0.8,6,4.1,1591.64
otros,112.5,2,0.1111,5,2.14,1356.94
hortalizas,950.0,2,0.3333,4,6.02,1698.36
tuberculos,42.0,23,0.3966,2,3.04,1297.98
granos,880.0,140,0.5426,2,6.56,3144.09
granos,325.0,25,0.122,12,3.97,2237.68
lacteos,700.0,3,0.2727,1,5.6,3624.41
otros,450.0,8,0.5333,9,6.54,3159.09
hortalizas,17.0,13,0.9286,9,9.28,2857.14
frutas,10.0,9,0.6,8,5.25,3517.35
tuberculos,1750.0,25,0.5208,3,9.05,1346.51
lacteos,525.0,7,0.7778,2,0.44,3195.89
otros,1180.0,2,0.1053,3,4.47,1578.44
granos,780.0,6,0.0194,11,4.18,2004.86
tuberculos,600.0,46,0.807,5,4.54,1328.51
granos,44.0,326,0.9132,8,3.54,4645.12
otros,2950.0,3,0.1364,3,2.13,1312.18
hortalizas,1200.0,14,0.9333,10,4.94,2736.56
granos,2450.0,57,0.1722,4,11.3,3800.02
lacteos,57.0,3,0.5,7,3.95,3127.83
otros,675.0,7,0.1373,7,4.1,1696.92
frutas,900.0,7,0.875,2,6.87,2994.07
hortalizas,24.0,0,0.0,10,1.75,1406.09
lacteos,237.5,3,0.25,11,3.95,3598.92
otros,300.0,35,0.7778,2,5.69,2421.03
tuberculos,87.5,30,0.6,7,4.9,1642.87
otros,1900.0,0,0.0,5,4.18,1224.2
tuberculos,160.0,4,0.1379,9,11.81,1614.92
granos,175.0,238,0.8981,12,3.65,3105.36
hortalizas,940.0,8,0.6667,3,3.11,1806.9
frutas,2600.0,10,0.5882,6,8.52,3397.79
granos,2400.0,38,0.2317,6,9.55,4443.38
frutas,487.5,11,0.9167,3,13.7,3999.27
granos,640.0,24,0.0674,9,0.72,1975.23
frutas,2300.0,1,0.0714,4,5.63,2156.39
hortalizas,640.0,11,0.8462,4,2.07,1896.82
lacteos,220.0,5,0.3571,11,8.91,4177.22
hortalizas,125.0,6,0.6667,3,5.62,2053.67
lacteos,200.0,3,0.25,9,1.06,2830.37
frutas,512.5,5,0.25,4,1.61,2455.6
tuberculos,45.0,6,0.1333,9,3.88,1335.28
otros,587.5,20,0.8333,6,6.62,2405.4
hortalizas,2200.0,4,0.6667,12,2.32,1869.94
lacteos,1500.0,1,0.3333,10,14.66,3749.5
frutas,450.0,0,0.0,3,12.08,2492.19
tuberculos,200.0,1,0.0217,9,7.79,1283.88
frutas,600.0,4,0.2857,2,2.27,2383.97
otros,560.0,8,0.8,4,1.14,1828.54
frutas,200.0,1,0.0625,9,6.39,2132.82
lacteos,780.0,3,0.3,9,1.34,2774.72
lacteos,3.0,5,0.7143,7,5.7,3826.02
lacteos,59.0,0,0.0,1,9.49,3615.24
granos,36.0,49,0.2899,1,1.63,2509.72
lacteos,1750.0,2,0.25,2,4.0,3430.69
hortalizas,880.0,13,0.8667,8,5.37,2047.08
hortalizas,58.0,1,0.2,2,7.79,2163.47
otros,51.0,26,0.6842,9,1.68,2595.42
frutas,400.0,9,0.9,10,3.05,2541.77
lacteos,1400.0,13,1.0,3,3.0,4097.58
hortalizas,1100.0,0,0.0,2,1.84,1188.94
hortalizas,537.5,2,0.25,4,4.29,1411.5
lacteos,53.0,0,0.0,7,5.45,2359.4
hortalizas,620.0,1,0.1,7,3.81,1242.76
hortalizas,48.0,1,0.0769,4,5.02,1281.6
frutas,1.0,5,0.3125,6,0.91,2198.98
otros,400.0,16,0.3333,2,6.88,2086.37
lacteos,1650.0,7,0.5833,10,7.33,4603.47
otros,1400.0,8,0.6667,1,4.23,2197.67
otros,450.0,1,0.0244,6,1.33,1294.72
granos,1650.0,210,0.7292,6,6.65,4527.52
otros,100.0,29,0.8788,1,2.03,2401.69
otros,1000.0,5,0.0833,1,0.81,1555.18
hortalizas,960.0,0,0.0,12,4.95,1511.98
tuberculos,2600.0,4,0.1818,2,1.58,810.73
otros,450.0,24,0.8,10,0.92,2466.58
frutas,1750.0,16,0.8889,3,6.5,3775.66
frutas,150.0,4,0.5,5,2.54,2421.46
otros,550.0,6,0.1714,10,4.46,2099.84
tuberculos,180.0,39,0.8298,8,2.56,1576.85
granos,2.0,110,0.9016,4,0.31,3857.56
otros,550.0,18,0.5625,9,7.96,3260.76
otros,512.5,5,0.1282,4,1.32,1313.68
tuberculos,640.0,0,0.0,1,5.21,841.43
lacteos,39.0,5,0.625,11,6.54,5211.58
granos,34.0,126,0.5185,9,2.31,3466.79
frutas,24.0,8,0.8889,9,6.1,2880.16
otros,44.0,49,0.8596,2,2.59,2489.52
granos,1500.0,141,0.4406,11,3.5,2556.56
tuberculos,2150.0,27,0.9,2,2.41,1150.88
granos,462.5,50,0.4762,3,0.65,2899.88
frutas,600.0,5,0.2778,5,2.77,2305.91
tuberculos,52.0,28,0.6829,11,4.54,1567.98
hortalizas,540.0,10,0.9091,3,7.76,2315.57
tuberculos,36.0,14,0.4242,8,3.92,1598.03
otros,180.0,2,0.0769,5,4.18,1462.98
otros,2400.0,1,0.0196,7,3.31,1477.68
granos,240.0,90,0.2951,11,3.95,3029.75
tuberculos,23.0,18,0.3462,4,3.27,984.15
tuberculos,587.5,15,0.4688,12,1.67,1196.32
tuberculos,2050.0,13,0.3611,6,4.47,1127.13
tuberculos,1080.0,3,0.0625,7,5.52,1063.82
hortalizas,37.0,11,0.8462,6,0.72,1360.09
granos,34.0,95,0.3682,10,1.22,2688.01
tuberculos,725.0,50,0.9091,7,3.35,1724.68
frutas,325.0,11,0.7857,10,4.42,2993.34
granos,300.0,35,0.1228,12,2.53,1876.3
otros,2400.0,1,0.0625,10,2.65,1946.42
granos,2950.0,156,0.8,6,7.08,4460.0
otros,58.0,16,0.4848,1,0.69,2275.6
hortalizas,43.0,8,0.6154,8,3.98,1870.11
lacteos,540.0,5,0.5,3,0.96,3471.22
otros,15.0,9,0.15,11,8.51,2329.13
frutas,37.5,3,0.2308,10,0.97,1485.05
tuberculos,1800.0,21,0.5122,7,2.2,1344.34
hortalizas,20.0,11,0.8462,6,5.61,2119.58
otros,662.5,3,0.2143,6,2.66,1787.59
tuberculos,500.0,22,0.7333,1,2.77,1233.96
granos,1080.0,115,0.3979,10,3.77,2739.33
tuberculos,80.0,14,0.4516,4,4.83,1163.93
tuberculos,880.0,34,0.5667,11,4.34,1501.76
hortalizas,2950.0,0,0.0,3,1.79,997.42
hortalizas,15.0,4,0.5714,3,4.43,1879.92
frutas,1700.0,18,0.9474,9,7.97,3058.04
hortalizas,750.0,8,0.5333,4,6.1,1882.24
tuberculos,260.0,33,0.7857,9,2.69,1843.11
lacteos,2300.0,8,0.5333,5,1.76,3159.19
frutas,600.0,2,0.25,7,2.82,2017.67
granos,40.0,60,0.4348,10,1.03,3034.69
tuberculos,700.0,42,0.7636,3,4.77,1350.2
otros,53.0,6,0.5455,6,3.22,1824.58
otros,300.0,27,0.4821,9,0.94,2501.37
tuberculos,87.5,25,1.0,7,11.82,2171.94
frutas,940.0,10,1.0,11,8.16,3446.33
otros,50.0,0,0.0,3,2.07,1374.29
lacteos,275.0,2,0.5,12,8.69,5317.56
hortalizas,47.0,7,0.6364,7,3.23,1634.99
granos,3.0,50,0.4854,6,3.69,4575.6
otros,5.0,23,0.5349,2,2.69,2092.35
otros,220.0,33,0.7174,10,11.75,3120.44
otros,1250.0,19,0.3725,10,7.45,2635.78
granos,180.0,157,0.6767,6,8.11,4481.85
granos,300.0,89,0.5633,10,1.93,2536.02
granos,44.0,225,0.9036,12,3.47,3490.79
lacteos,28.0,5,0.625,3,4.31,5327.98
frutas,637.5,3,0.1875,11,4.48,2045.02
lacteos,125.0,7,0.7778,10,1.22,3734.07
hortalizas,280.0,0,0.0,2,0.42,1286.21
hortalizas,26.0,6,0.8571,10,3.54,2520.6
hortalizas,440.0,7,0.6364,12,4.07,2315.62
tuberculos,1850.0,20,0.5,1,3.12,1001.75
tuberculos,500.0,15,0.2778,3,2.92,849.43
granos,462.5,116,0.928,9,1.7,3389.33
lacteos,400.0,0,0.0,8,2.67,2094.42
frutas,17.0,1,0.1111,3,1.57,2319.18
frutas,2350.0,3,0.4286,8,5.47,2345.18
otros,700.0,13,0.9286,1,5.25,2758.44
frutas,2400.0,1,0.1111,11,2.46,1566.65
granos,1100.0,54,0.551,7,2.25,3188.05
granos,312.5,161,0.6145,8,2.47,3744.63
frutas,2950.0,9,0.75,1,1.95,2753.56
otros,250.0,21,0.5122,8,2.97,2367.31
granos,400.0,11,0.071,6,4.18,2855.13
tuberculos,23.0,11,0.25,10,6.35,1516.65
frutas,53.0,10,0.8333,9,7.02,2818.17
hortalizas,125.0,0,0.0,8,4.4,1102.97
frutas,35.0,5,0.8333,12,2.55,3387.25
frutas,275.0,4,0.8,9,2.46,2052.33
hortalizas,35.0,3,0.2,12,1.28,1652.84
granos,1450.0,109,0.845,7,4.17,3358.53
lacteos,650.0,0,0.0,2,4.49,2708.0
lacteos,350.0,3,0.25,5,2.35,2718.87
granos,200.0,166,0.6917,7,6.47,4593.56
granos,300.0,35,0.1759,7,6.06,3475.51
tuberculos,220.0,25,0.8929,5,2.89,1541.36
hortalizas,120.0,8,0.8,2,2.58,1927.16
hortalizas,36.0,7,0.7,6,3.56,1770.27
tuberculos,22.0,32,0.8,1,5.1,1419.49
lacteos,380.0,1,0.2,3,1.16,2778.17
frutas,760.0,4,0.3636,12,1.12,1763.99
hortalizas,800.0,2,0.1333,2,4.21,1555.51
frutas,687.5,16,1.0,5,1.0,2720.75
hortalizas,38.0,0,0.0,12,4.16,1694.65
granos,54.0,70,0.6306,1,3.48,3044.37
tuberculos,50.0,14,0.6087,7,0.85,1237.24
tuberculos,50.0,4,0.1379,12,4.23,1198.76
frutas,40.0,2,0.25,2,14.48,2960.52
granos,700.0,77,0.2683,11,14.32,2662.84
frutas,25.0,10,0.8333,2,1.92,3346.43
hortalizas,26.0,8,0.5333,7,5.36,2007.06
otros,2650.0,3,0.2727,3,1.74,1509.5
lacteos,520.0,3,0.2308,8,3.9,2810.35
tuberculos,575.0,7,0.175,8,2.61,1154.21
granos,640.0,145,0.8239,5,7.98,4957.73
lacteos,900.0,3,0.75,6,3.17,3319.6
frutas,220.0,7,0.4375,9,1.96,2159.33
hortalizas,237.5,2,0.1429,12,2.75,1495.78
lacteos,27.0,9,0.75,8,0.71,3293.07
lacteos,1060.0,10,0.8333,3,4.21,4684.26
otros,49.0,1,0.0625,5,2.49,1317.33
otros,250.0,5,0.1613,4,7.48,1846.03
otros,100.0,16,0.2857,8,5.14,2511.52
lacteos,520.0,7,0.5833,3,4.03,4151.66
frutas,1550.0,5,0.3571,11,2.58,1842.5
tuberculos,800.0,10,0.3125,2,5.44,1102.41
tuberculos,462.5,13,0.3171,10,2.57,1276.09
hortalizas,1050.0,6,0.8571,11,1.53,1941.16
granos,480.0,185,0.5968,5,1.07,3488.17
lacteos,620.0,5,0.5556,11,12.84,4488.17
frutas,1050.0,2,0.1538,1,3.25,1939.12
hortalizas,12.5,8,0.6154,7,2.9,1889.24
tuberculos,6.0,1,0.0333,9,5.04,1378.78
tuberculos,200.0,28,0.7179,1,4.01,1297.46
hortalizas,1900.0,5,0.7143,4,1.63,1554.87
frutas,59.0,6,0.75,5,2.94,2791.72
hortalizas,300.0,3,0.25,4,2.41,1504.47
granos,2050.0,338,0.9337,11,6.75,3415.55
tuberculos,1160.0,19,0.4872,10,13.34,1604.26
otros,25.0,8,0.2424,9,4.97,2531.87
otros,6.0,33,0.9429,11,1.7,2884.37
frutas,6.0,15,0.8824,8,8.75,3651.59
lacteos,550.0,2,0.6667,3,1.65,4073.79
hortalizas,300.0,3,0.5,3,1.93,1537.87
hortalizas,19.0,6,0.5,1,6.68,2510.47
granos,2650.0,236,0.7152,3,4.32,3174.09
lacteos,1200.0,1,0.3333,10,1.35,2803.65
lacteos,1850.0,6,0.4286,8,2.44,2343.89
tuberculos,1250.0,21,0.525,4,0.56,1052.39
granos,212.5,85,0.2742,2,2.09,2784.14
lacteos,34.0,3,1.0,6,0.95,3183.2
lacteos,387.5,6,0.4286,10,1.33,3218.03
tuberculos,40.0,29,0.5472,10,1.75,1398.37
otros,700.0,5,0.5556,11,1.69,2242.17
otros,2350.0,3,0.1154,2,4.43,1495.2
otros,1080.0,10,0.5556,8,5.94,2368.35
lacteos,500.0,5,0.5,5,0.64,2900.07
hortalizas,187.5,10,0.8333,9,12.35,2501.28
hortalizas,550.0,2,0.3333,5,2.52,1378.6
otros,587.5,11,0.22,10,3.47,2289.35
lacteos,900.0,0,0.0,5,9.53,3398.58
lacteos,53.0,3,1.0,7,4.47,3877.0
hortalizas,39.0,15,1.0,12,1.42,2642.16
lacteos,57.0,1,0.3333,1,3.13,3938.16
frutas,250.0,4,0.6667,3,1.29,2851.51
tuberculos,1350.0,40,0.7273,10,1.96,1395.07
granos,300.0,51,0.4904,9,1.68,2563.7
granos,45.0,209,0.7109,7,4.14,4218.88
tuberculos,1300.0,31,0.7949,2,1.67,1216.88
tuberculos,56.0,3,0.075,8,4.46,1256.7
lacteos,57.0,3,0.2143,7,2.45,2909.66
frutas,600.0,9,0.5,4,2.38,2494.51
granos,320.0,17,0.1172,7,2.32,2532.31
granos,400.0,61,0.4388,2,2.7,3177.19
granos,575.0,57,0.6,6,1.79,3511.75
tuberculos,30.0,42,0.7636,5,4.28,1528.9
granos,1140.0,151,0.9437,7,4.01,4265.62
hortalizas,31.0,5,0.625,8,18.82,2318.41
granos,9.0,80,0.5674,3,2.32,3628.0
lacteos,562.5,1,0.0769,7,1.11,2177.91
hortalizas,337.5,3,0.375,1,2.26,1756.28
granos,512.5,109,0.9083,5,2.23,4090.06
frutas,720.0,10,0.5556,8,4.86,2134.16
lacteos,950.0,3,0.75,1,1.75,3947.17
tuberculos,800.0,7,0.2121,3,4.29,900.08
otros,6.0,54,0.9,11,2.89,3299.86
otros,1100.0,3,0.0909,7,10.32,1629.6
tuberculos,2600.0,34,0.8947,10,0.95,1437.92
hortalizas,46.0,2,0.1538,4,2.44,1426.93
hortalizas,1.0,11,0.7333,4,7.86,2434.87
hortalizas,540.0,1,0.0714,1,2.27,1276.93
frutas,587.5,3,0.4286,5,9.14,3467.16
lacteos,2550.0,8,0.8,11,0.59,3478.65
granos,462.5,181,0.866,10,1.56,3183.35
otros,500.0,45,0.9375,9,5.73,2992.51
otros,2000.0,19,1.0,10,0.88,2194.49
granos,2.0,26,0.114,8,4.41,3528.3
hortalizas,820.0,2,0.4,6,1.41,1069.05
hortalizas,1400.0,1,0.1429,4,1.25,1140.75
tuberculos,125.0,16,0.3404,9,2.74,1404.96
tuberculos,1180.0,31,0.6458,3,2.69,1101.34
granos,260.0,268,0.9853,1,1.98,3301.91
frutas,42.0,16,0.8421,5,1.64,2828.34
otros,437.5,10,0.9091,1,4.84,2568.41
lacteos,1600.0,10,0.6667,10,3.23,3697.52
hortalizas,52.0,12,0.8571,6,1.29,1620.95
frutas,162.5,18,0.9,3,1.4,2786.21
tuberculos,440.0,37,0.6491,8,2.2,1581.49
otros,7.0,13,0.7222,12,9.41,3206.72
lacteos,412.5,8,0.8889,4,2.91,3812.62
granos,39.0,65,0.2814,12,2.94,2206.59
granos,1040.0,72,0.2759,4,4.22,3099.02
frutas,400.0,8,0.6667,4,3.84,3466.53
frutas,58.0,2,0.125,3,0.77,2156.49
tuberculos,425.0,7,0.3333,12,5.45,1319.58
otros,660.0,6,0.1875,10,3.39,1966.11
lacteos,140.0,6,0.4286,2,6.62,4393.62
lacteos,125.0,6,0.4286,1,4.35,4565.93
otros,820.0,10,0.4,4,5.29,1892.98
otros,2050.0,0,0.0,2,0.03,1096.22
lacteos,1120.0,10,0.7143,1,3.08,4378.13
hortalizas,920.0,4,0.4444,9,1.51,1474.22
lacteos,287.5,6,0.4286,9,3.73,3188.06
otros,1160.0,23,0.4792,6,0.58,1607.17
otros,30.0,19,0.8261,6,2.63,2411.97
tuberculos,1300.0,8,0.2667,11,4.26,1417.3
tuberculos,1050.0,2,0.0455,2,4.99,861.27
otros,46.0,31,0.775,5,2.34,2468.41
lacteos,300.0,1,0.125,11,9.71,3457.71
tuberculos,600.0,38,0.76,1,3.23,1383.34
frutas,440.0,4,0.5,4,5.81,2888.99
granos,1100.0,103,0.3962,2,1.12,2200.15
hortalizas,260.0,8,0.8,7,2.0,1573.07
otros,2550.0,18,0.3158,7,1.61,1568.35
lacteos,300.0,3,0.5,7,6.61,3407.6
hortalizas,1.0,6,0.6667,6,3.52,1796.61
tuberculos,575.0,18,0.7826,8,1.84,1594.45
hortalizas,1140.0,4,0.3636,11,1.69,1649.47
frutas,612.5,7,0.4667,1,4.1,2773.65
hortalizas,27.0,6,1.0,6,9.48,2310.03
frutas,19.0,3,0.375,6,1.0,2222.89
lacteos,300.0,5,0.5,7,4.07,3121.57
tuberculos,25.0,38,0.6552,1,6.97,1723.12
otros,1350.0,13,0.3611,4,5.58,1863.57
hortalizas,58.0,8,0.8889,5,4.56,2209.82
frutas,1800.0,0,0.0,9,6.12,1557.23
tuberculos,49.0,17,0.85,2,3.2,1379.9
lacteos,12.5,2,0.25,4,4.24,3530.54
lacteos,22.0,0,0.0,9,2.43,2134.32
frutas,512.5,10,0.5,8,2.68,2058.21
frutas,700.0,5,0.2632,10,5.68,1913.62
tuberculos,687.5,6,0.2069,8,4.82,1484.98
hortalizas,900.0,8,0.7273,7,1.38,1518.36
otros,55.0,16,0.6154,8,7.52,2846.92
frutas,7.0,15,0.8333,9,3.88,3230.96
otros,387.5,10,0.4545,4,5.54,1769.44
otros,860.0,21,0.6176,10,7.61,3124.75
otros,2950.0,7,0.1296,7,3.36,1666.15
tuberculos,13.0,23,0.8214,6,3.09,1481.52
frutas,400.0,7,0.3889,9,2.31,1899.76
lacteos,800.0,4,0.6667,6,2.28,3605.18
hortalizas,400.0,4,0.3333,10,3.51,1761.74
tuberculos,47.0,29,0.6444,5,10.93,1727.78
tuberculos,15.0,21,0.3818,8,8.75,1956.67
frutas,960.0,7,0.5,8,7.87,2314.35
granos,740.0,136,0.8774,3,0.66,2689.73
frutas,700.0,7,0.7,2,3.84,2721.83
hortalizas,1.0,2,0.2857,5,6.25,1757.29
granos,10.0,212,0.8092,4,11.84,5232.51
frutas,46.0,6,0.5,10,2.15,1910.24
granos,15.0,140,0.8,4,1.55,3628.74
hortalizas,27.0,4,0.2667,1,1.11,1528.64
granos,55.0,81,0.3189,3,6.39,3695.94
tuberculos,800.0,15,0.5357,10,1.96,1386.71
granos,2500.0,208,0.6865,9,2.91,3340.92
frutas,2250.0,8,1.0,3,1.58,3137.28
tuberculos,450.0,43,0.9773,12,3.4,1813.94
lacteos,550.0,3,0.375,8,2.18,2543.63
frutas,950.0,4,0.8,8,7.48,2492.2
granos,160.0,318,0.9521,3,2.54,3812.92
tuberculos,720.0,4,0.1333,3,7.47,1153.62
lacteos,362.5,5,1.0,7,10.1,4360.04
frutas,2900.0,9,0.6923,8,5.49,2508.84
otros,13.0,10,0.4348,12,2.93,2684.8
tuberculos,1150.0,7,0.2258,4,7.18,1089.09
granos,24.0,222,0.615,6,3.54,4454.51
otros,1300.0,7,0.4375,6,4.03,1807.63
granos,562.5,302,0.9869,12,2.55,3064.54
otros,87.5,11,0.44,12,2.31,2235.99
granos,280.0,310,0.9748,7,5.09,4144.76
lacteos,637.5,3,0.2308,2,4.44,3444.41
tuberculos,2250.0,11,0.4074,10,2.08,1267.21
hortalizas,1120.0,9,0.8182,1,3.46,2176.79
frutas,2400.0,3,0.2727,7,3.98,1734.4
lacteos,220.0,7,0.5,4,5.78,3616.2
tuberculos,1550.0,54,0.9818,1,2.36,1244.12
lacteos,1700.0,0,0.0,4,7.03,2450.29
frutas,437.5,15,0.7895,11,2.91,2172.6
otros,7.0,21,0.6562,1,3.2,2263.05
hortalizas,725.0,0,0.0,12,1.19,1115.41
granos,1500.0,83,0.3086,5,8.28,3547.6
granos,2100.0,241,0.8397,11,4.54,3494.14
hortalizas,2.0,4,0.5714,7,2.68,1805.5
granos,1050.0,22,0.2444,1,1.39,2067.07
tuberculos,2200.0,17,0.3036,8,1.87,1100.69
frutas,800.0,2,0.1053,6,7.66,2369.63
otros,50.0,14,0.7,3,1.38,1956.03
otros,200.0,3,0.3333,1,1.4,1608.28
frutas,380.0,16,0.8,5,0.93,2776.62
tuberculos,30.0,2,0.0625,2,1.44,753.89
tuberculos,700.0,31,0.7949,2,3.43,1329.39
otros,260.0,0,0.0,5,2.87,1220.76
lacteos,42.0,2,0.4,6,5.87,3338.7
frutas,737.5,9,1.0,6,2.56,2720.06
granos,120.0,83,0.7034,6,4.06,3990.6
tuberculos,1180.0,29,0.58,8,2.13,1405.83
otros,1200.0,14,0.3333,2,2.88,1641.33
lacteos,160.0,7,1.0,12,9.33,6129.04
granos,500.0,270,0.8517,5,3.46,4375.29
lacteos,2250.0,3,0.6,12,1.97,3685.47
otros,11.0,14,0.8235,10,1.5,2425.04
lacteos,400.0,5,0.7143,11,5.58,4480.39
hortalizas,19.0,10,0.6667,4,12.32,2063.7
lacteos,125.0,6,0.5,1,3.18,4325.73
otros,287.5,16,1.0,6,3.33,2211.77
frutas,5.0,6,0.5455,12,5.03,3362.08
lacteos,420.0,10,0.9091,1,2.8,4481.88
hortalizas,112.5,12,0.8,5,2.76,1626.69
tuberculos,212.5,10,0.3846,10,5.63,1492.5
hortalizas,525.0,7,0.875,1,7.48,2913.39
tuberculos,2250.0,16,0.7273,9,4.45,1664.97
tuberculos,1850.0,27,0.54,8,2.59,1188.39
hortalizas,212.5,6,0.6667,10,2.75,2085.13
lacteos,520.0,7,0.5,12,1.84,3933.43
frutas,29.0,6,0.6,12,2.77,2801.46
granos,550.0,83,0.2986,9,9.98,3718.99
lacteos,1140.0,11,0.9167,3,0.78,3960.31
hortalizas,225.0,3,0.4286,12,1.38,1606.75
frutas,462.5,1,0.0833,5,6.13,2188.44
frutas,800.0,3,0.6,3,3.66,2866.64
tuberculos,125.0,25,0.5102,2,1.37,1070.09
frutas,450.0,12,0.7059,3,6.35,3705.55
frutas,3.0,9,0.45,5,3.6,2864.98
frutas,160.0,5,1.0,8,1.72,2677.01
frutas,12.5,0,0.0,6,3.69,2073.0
hortalizas,580.0,3,0.5,3,4.77,1873.53
tuberculos,20.0,8,0.1509,9,0.42,1176.94
tuberculos,2000.0,25,0.7353,6,3.39,1579.31
otros,740.0,16,1.0,7,4.44,2727.55
frutas,1900.0,4,0.6667,2,5.84,3306.5
hortalizas,560.0,2,0.1538,2,3.66,1546.3
granos,940.0,65,0.6075,3,4.81,3343.26
frutas,1950.0,6,0.5,12,2.84,2470.81
otros,320.0,0,0.0,11,3.0,1601.62
granos,687.5,148,0.5017,8,11.59,4801.62
tuberculos,380.0,28,0.9333,4,4.19,1305.96
granos,28.0,140,0.6114,8,2.58,4068.29
frutas,40.0,6,0.4286,7,4.41,2742.39
hortalizas,29.0,9,0.6,3,2.69,1732.62
hortalizas,337.5,1,0.1429,9,4.13,1543.75
frutas,1060.0,1,0.125,10,0.54,1396.35
otros,460.0,10,0.4,10,3.98,2108.1
lacteos,800.0,0,0.0,7,5.77,2105.59
granos,840.0,9,0.0529,8,5.18,2632.05
otros,462.5,3,0.3,3,2.89,1717.82
granos,900.0,62,0.3425,2,6.67,2739.13
hortalizas,900.0,6,1.0,3,1.45,1810.07
granos,48.0,20,0.0602,1,3.32,2323.73
frutas,720.0,0,0.0,9,0.67,1328.77
granos,712.5,117,0.5969,9,10.24,3799.22
frutas,700.0,5,0.5556,8,5.22,2488.44
granos,750.0,84,0.913,8,1.4,3818.44
granos,1250.0,218,0.9864,1,2.62,3234.75
tuberculos,29.0,2,0.0476,8,1.54,1113.87
tuberculos,687.5,39,0.7959,8,3.38,1712.19
frutas,2900.0,18,1.0,1,1.38,2684.32
frutas,52.0,13,0.9286,8,5.79,2899.85
granos,537.5,41,0.237,3,2.22,2366.44
tuberculos,87.5,24,0.5106,9,2.18,1477.39
frutas,80.0,11,0.6471,5,0.73,2521.48
hortalizas,160.0,7,1.0,6,5.9,2229.16
otros,940.0,12,0.7059,10,2.94,2644.99
granos,400.0,27,0.2872,2,1.8,2428.08
granos,2050.0,118,0.3512,10,1.52,2475.73
granos,1850.0,55,0.2282,11,5.14,2461.54
tuberculos,620.0,30,0.8571,5,4.28,1490.32
lacteos,38.0,3,1.0,3,2.91,4939.12
frutas,1650.0,1,0.1667,11,9.53,2296.08
lacteos,21.0,8,0.5714,10,8.13,4866.27
granos,600.0,21,0.0882,11,0.71,1998.3
granos,950.0,270,0.8911,12,1.59,2907.23
granos,160.0,71,0.2233,2,2.1,2333.1
hortalizas,1180.0,4,0.8,10,3.51,2264.51
tuberculos,112.5,18,0.3158,4,2.87,1048.46
lacteos,1080.0,2,0.4,8,5.25,3093.54
hortalizas,2550.0,0,0.0,10,3.96,1326.83
frutas,500.0,7,1.0,12,5.75,3307.54
hortalizas,240.0,4,0.3077,2,15.1,2268.76
tuberculos,41.0,0,0.0,1,4.48,960.59
lacteos,700.0,6,0.6667,5,0.38,2373.15
lacteos,1000.0,2,0.1538,3,4.62,3293.78
lacteos,1100.0,8,0.6667,9,5.46,4130.45
hortalizas,620.0,1,0.1,3,0.68,1214.67
lacteos,562.5,13,1.0,10,2.11,3412.83
otros,1950.0,5,0.1042,7,4.41,1621.17
otros,2050.0,23,0.7931,10,4.22,2597.77
otros,440.0,35,0.7778,1,3.41,2326.67
granos,1450.0,141,0.509,7,3.97,3437.98
tuberculos,375.0,10,0.2941,9,1.37,1346.75
tuberculos,28.0,17,0.4857,9,10.54,1899.6
tuberculos,612.5,42,0.8936,4,4.02,1260.69
otros,2650.0,48,0.8889,6,5.13,2173.04
granos,450.0,106,0.6463,6,3.78,4272.17
lacteos,820.0,4,1.0,12,0.76,4136.75
tuberculos,1000.0,13,0.619,7,3.74,1436.34
tuberculos,17.0,25,0.5682,8,0.58,1548.04
tuberculos,400.0,25,0.4717,2,8.27,1312.22
granos,5.0,58,0.4754,2,0.52,3036.74
frutas,162.5,16,1.0,4,4.87,3242.4
tuberculos,23.0,15,0.375,4,4.44,1309.02
frutas,950.0,17,0.85,7,1.59,2413.15
hortalizas,540.0,0,0.0,7,2.02,925.14
lacteos,980.0,3,0.75,6,3.07,3620.48
granos,43.0,131,0.7706,12,15.12,4026.48
granos,1950.0,90,0.5556,10,2.67,2534.49
granos,9.0,153,0.7018,9,4.92,3952.83
granos,760.0,231,0.731,11,2.32,2632.97
otros,6.0,14,0.6087,4,3.89,2277.49
granos,280.0,261,0.9667,9,7.13,4447.45
otros,125.0,4,0.4444,1,1.35,2010.31
otros,375.0,6,0.24,6,2.38,1592.36
lacteos,25.0,0,0.0,9,0.94,2056.98
otros,725.0,5,0.1515,9,15.05,2252.8
tuberculos,360.0,27,0.6,5,1.65,970.07
hortalizas,41.0,10,0.6667,10,0.84,1881.93
otros,750.0,4,0.1176,10,5.61,2356.85
granos,400.0,41,0.4059,12,6.94,2715.24
lacteos,1160.0,7,0.4667,7,3.28,3180.15
frutas,600.0,6,0.3333,6,4.74,2107.77
granos,460.0,266,0.9852,10,11.73,5292.66
otros,1600.0,1,0.1429,2,7.1,1706.33
granos,560.0,208,0.7051,12,2.48,2794.45
frutas,940.0,2,0.1111,2,11.47,2577.53
tuberculos,200.0,1,0.0286,2,2.73,783.64
tuberculos,550.0,10,0.1754,3,4.58,946.29
lacteos,940.0,11,0.8462,7,2.93,3794.44
hortalizas,2150.0,3,0.4286,6,5.55,1743.21
hortalizas,56.0,2,0.4,2,4.89,2081.76
lacteos,212.5,10,0.9091,2,2.75,5787.69
hortalizas,2.0,8,0.8,4,3.07,2233.99
tuberculos,7.0,0,0.0,10,2.74,923.41
otros,100.0,1,0.1,3,4.01,1332.42
otros,620.0,8,0.6667,6,7.6,2701.75
lacteos,4.0,0,0.0,8,0.51,1985.51
tuberculos,2250.0,13,0.52,3,0.82,879.66
otros,20.0,14,0.2373,2,11.08,2143.32
granos,150.0,93,0.4769,12,4.6,2890.72
lacteos,560.0,2,0.5,1,2.41,3687.77
hortalizas,15.0,8,1.0,4,2.83,1747.53
frutas,950.0,3,0.3333,9,3.82,1628.22
hortalizas,52.0,10,0.6667,3,1.41,1867.85
lacteos,800.0,2,0.5,8,3.95,3334.9
lacteos,2300.0,12,0.8571,10,1.36,3442.4
otros,33.0,6,0.2069,6,5.72,1869.29
frutas,2750.0,0,0.0,5,6.91,1948.13
granos,725.0,188,0.7344,5,5.18,4436.36
granos,587.5,156,0.7879,6,0.27,3947.67
otros,25.0,27,1.0,1,1.95,2719.36
lacteos,100.0,0,0.0,9,3.18,2027.88
frutas,52.0,4,0.2222,3,2.14,2411.83
tuberculos,58.0,32,0.6154,6,11.56,1843.73
hortalizas,1150.0,5,0.8333,5,7.06,1885.24
granos,1050.0,48,0.4898,5,4.79,3840.88
granos,1150.0,82,0.346,3,1.41,2322.99
hortalizas,34.0,0,0.0,7,0.12,865.81
hortalizas,350.0,4,0.4444,11,1.22,1573.13
granos,300.0,170,0.8252,11,1.86,2674.57
tuberculos,180.0,3,0.1429,3,6.71,975.3
tuberculos,137.5,10,0.2222,10,1.82,1355.81
hortalizas,1180.0,9,0.6,8,14.48,1924.58
frutas,39.0,8,0.4211,1,1.83,2863.47
hortalizas,560.0,0,0.0,1,2.33,1358.46
granos,5.0,208,0.8221,1,0.81,3274.83
hortalizas,24.0,5,0.3846,10,2.98,2064.24
otros,2350.0,10,0.1923,7,1.28,1496.96
granos,1020.0,260,0.9028,11,11.4,4194.06
hortalizas,2300.0,13,1.0,4,0.34,1520.59
tuberculos,5.0,42,0.8571,9,10.27,2070.64
otros,60.0,5,0.3333,12,4.13,2322.2
frutas,2600.0,4,0.3077,6,5.38,2314.29
lacteos,36.0,4,0.2857,8,2.59,3265.65
hortalizas,27.0,0,0.0,6,1.72,811.64
otros,200.0,41,0.8723,6,0.41,2165.12
granos,120.0,329,0.997,11,10.01,4221.28
otros,1500.0,24,0.4138,6,4.91,1880.22
frutas,587.5,7,0.4118,4,1.75,2757.86
granos,2750.0,25,0.1344,7,3.17,3009.33
granos,23.0,49,0.2344,7,1.97,3418.19
otros,22.0,14,0.6364,4,3.31,2247.34
granos,440.0,39,0.1373,8,3.39,2752.27
granos,55.0,23,0.1386,12,1.9,2147.18
otros,23.0,4,0.1667,8,2.95,1976.31
frutas,1040.0,7,0.5385,2,7.21,3174.67
frutas,1900.0,1,0.125,12,1.58,1977.82
tuberculos,640.0,8,0.4,6,6.67,1418.82
frutas,8.0,4,0.3333,11,1.2,2021.11
lacteos,320.0,4,0.3636,1,3.47,3993.02
frutas,55.0,12,1.0,5,4.39,3762.56
granos,100.0,164,0.6431,7,5.65,4822.12
lacteos,760.0,6,0.6667,11,5.21,4488.8
hortalizas,12.5,6,0.5,9,3.53,1897.71
otros,200.0,14,0.4242,9,1.16,1913.24
lacteos,2750.0,0,0.0,3,9.26,2877.43
frutas,440.0,5,0.3846,3,0.54,2565.05
lacteos,1700.0,10,0.6667,2,3.54,4786.13
tuberculos,120.0,24,0.7059,6,1.48,1177.25
lacteos,12.5,13,0.9286,8,4.11,4151.41
granos,700.0,90,0.3297,2,8.6,3201.91
hortalizas,175.0,2,0.2,8,4.41,1648.45
granos,240.0,306,0.9217,1,5.21,3358.89
otros,20.0,29,0.7632,2,5.28,2710.62
frutas,2700.0,8,0.6667,8,9.18,2866.01
hortalizas,54.0,3,0.3333,3,4.31,1815.93
hortalizas,325.0,1,0.2,12,1.35,1773.77
granos,56.0,64,0.4672,8,3.67,3685.43
hortalizas,860.0,1,0.1429,7,3.19,1120.31
frutas,2800.0,0,0.0,4,12.07,1911.86
otros,9.0,9,0.8182,5,0.87,2067.25
granos,350.0,19,0.1242,5,1.02,2690.95
otros,2300.0,32,0.7273,7,0.89,2084.29
frutas,800.0,12,0.9231,8,1.92,2495.06
otros,20.0,19,0.4043,12,0.68,2310.83
hortalizas,550.0,2,0.3333,4,3.24,1197.87
hortalizas,550.0,7,0.7,9,6.5,2441.0
otros,5.0,8,0.381,5,2.84,1985.59
tuberculos,250.0,22,0.8462,2,5.79,1524.7
hortalizas,1250.0,2,0.4,4,3.42,1722.37
lacteos,137.5,1,0.25,11,5.86,3760.01
tuberculos,1.0,7,0.2258,6,3.68,1280.03
granos,23.0,92,0.368,9,2.67,3163.3
granos,540.0,55,0.2209,4,15.52,3780.08
frutas,42.0,7,0.6364,10,0.56,2110.47
frutas,18.0,0,0.0,1,2.81,1844.02
granos,1500.0,229,0.6309,7,3.16,3417.41
lacteos,300.0,8,0.5333,6,1.23,2862.24
lacteos,537.5,14,1.0,9,4.64,4624.81
otros,187.5,0,0.0,4,3.77,1202.96
frutas,737.5,2,0.2857,11,1.92,1932.0
frutas,150.0,9,0.4737,10,1.16,2029.91
lacteos,1400.0,5,0.3571,6,6.94,3302.75
otros,25.0,19,0.3725,4,7.81,2195.6
granos,18.0,223,0.9177,8,0.82,3532.96
otros,26.0,14,0.4242,7,0.71,2045.64
granos,62.5,288,0.8834,8,3.26,3354.23
tuberculos,1100.0,28,0.5185,6,2.71,1147.67
frutas,25.0,2,0.2857,5,2.29,2450.09
frutas,660.0,9,0.6429,7,7.77,3219.86
granos,55.0,50,0.1393,8,1.82,3046.1
frutas,46.0,3,0.3,1,5.09,2446.98
frutas,87.5,10,0.7692,9,3.77,2494.97
granos,625.0,164,0.4809,1,1.93,2605.96
otros,16.0,20,1.0,8,1.99,2788.24
lacteos,440.0,0,0.0,6,6.17,2455.63
frutas,675.0,13,0.9286,12,2.97,2980.72
frutas,375.0,2,0.1538,9,3.18,1949.64
hortalizas,300.0,3,0.6,7,7.07,1906.13
hortalizas,587.5,5,0.3571,4,4.45,1575.84
hortalizas,1160.0,6,0.5455,3,1.91,1583.25
hortalizas,625.0,3,0.25,5,2.89,1317.8
frutas,637.5,14,0.7,10,2.75,2072.05
frutas,1200.0,5,0.8333,3,3.59,2798.02
frutas,2900.0,7,0.35,12,1.23,2160.8
tuberculos,39.0,31,0.7381,11,0.5,1702.08
granos,587.5,31,0.1192,12,2.7,2183.79
hortalizas,1060.0,4,0.3636,11,4.85,1708.36
frutas,2350.0,2,0.2,1,14.4,2727.78
tuberculos,1000.0,20,0.339,5,0.88,909.41
frutas,11.0,8,0.8,4,8.87,4247.66
lacteos,6.0,5,0.3571,4,2.21,3438.76
lacteos,2000.0,1,0.3333,7,1.69,2172.89
frutas,25.0,1,0.1,7,2.22,1944.42
otros,52.0,12,1.0,8,3.83,2783.52
lacteos,525.0,14,0.9333,4,0.43,4029.79
tuberculos,45.0,33,1.0,3,4.67,1631.8
granos,1550.0,81,0.871,12,6.31,3364.91
otros,487.5,1,0.0417,10,10.39,2064.83
granos,700.0,84,0.4375,8,1.7,3138.57
frutas,525.0,1,0.0667,8,3.29,1688.38
tuberculos,175.0,22,0.55,3,3.17,1089.62
frutas,25.0,14,0.7,9,6.18,2776.69
frutas,1060.0,0,0.0,7,10.88,2098.62
otros,900.0,17,0.5152,8,3.41,2054.1
otros,2500.0,44,0.9778,11,1.05,2653.07
otros,100.0,17,0.4146,6,2.47,1637.7
hortalizas,250.0,4,0.2667,3,5.65,1816.4
otros,2550.0,8,0.2162,3,11.16,1884.74
otros,50.0,19,0.7308,12,6.85,3304.95
otros,20.0,13,0.7647,9,1.73,2618.53
tuberculos,737.5,51,1.0,8,1.26,1542.59
granos,5.0,98,0.9333,4,1.98,3972.56
frutas,1600.0,16,0.8889,5,7.37,2910.27
frutas,600.0,10,0.5263,7,3.89,2153.95
frutas,34.0,1,0.2,7,2.16,1944.08
tuberculos,49.0,37,0.7551,12,3.18,1578.92
frutas,600.0,7,0.5385,12,7.82,3542.76
frutas,2950.0,6,0.6667,11,3.36,2646.82
tuberculos,30.0,13,0.52,8,0.98,1399.7
hortalizas,100.0,1,0.0667,3,3.73,1536.06
frutas,312.5,3,0.2727,7,2.99,2138.47
granos,37.5,189,0.9895,2,3.66,3809.22
otros,337.5,11,0.2895,3,3.77,1564.83
tuberculos,1060.0,4,0.1143,9,2.46,1152.65
frutas,37.0,12,0.8,4,2.45,2998.83
lacteos,480.0,2,0.4,2,1.78,3275.71
tuberculos,56.0,46,0.8846,8,3.47,1887.29
frutas,287.5,7,1.0,6,0.65,2583.35
otros,462.5,1,0.0233,6,8.43,1670.03
otros,612.5,21,0.84,7,0.92,1998.34
otros,500.0,41,1.0,5,3.64,2533.53
lacteos,2300.0,0,0.0,10,2.86,2039.84
otros,2300.0,5,0.2632,5,3.7,1832.61
hortalizas,1040.0,8,1.0,4,9.98,2554.53
otros,2800.0,13,0.4194,2,2.53,1613.26
granos,16.0,62,0.4882,9,2.8,3818.8
hortalizas,47.0,5,0.3846,11,14.15,2521.37
tuberculos,650.0,15,0.3061,7,5.0,1546.08
tuberculos,540.0,48,0.8727,3,2.31,1085.64
hortalizas,40.0,5,0.4545,12,1.9,1904.63
tuberculos,11.0,19,0.4634,7,5.47,1615.97
otros,22.0,3,0.1154,2,0.81,1392.32
tuberculos,287.5,26,0.8667,9,0.67,1452.79
otros,225.0,14,0.6667,2,2.4,2080.06
lacteos,287.5,0,0.0,10,1.65,2208.29
hortalizas,300.0,10,0.8333,5,0.77,1753.59
otros,462.5,39,1.0,7,4.82,3145.23
granos,1120.0,227,0.9827,8,1.08,3327.83
otros,2750.0,40,0.9091,4,7.27,2802.66
frutas,31.0,11,0.8462,8,5.58,3222.41
otros,1140.0,14,0.8235,4,11.41,2123.93
lacteos,1140.0,6,0.6,5,3.4,3153.05
otros,350.0,3,0.0811,9,4.6,1637.12
frutas,50.0,0,0.0,10,6.48,1772.97
hortalizas,2000.0,5,0.3571,7,2.54,1346.38
otros,45.0,16,0.3556,11,6.14,2695.54
lacteos,58.0,1,0.1,4,3.23,2527.97
hortalizas,420.0,8,0.5714,1,7.67,2498.49
frutas,1600.0,4,0.3636,8,0.94,1849.57
lacteos,9.0,4,0.8,12,4.31,5548.05
hortalizas,12.0,10,0.9091,5,3.84,2039.19
granos,760.0,168,0.6269,9,0.86,2945.32
hortalizas,350.0,8,0.8,11,4.85,2293.23
frutas,920.0,5,0.8333,2,3.73,3082.24
frutas,950.0,8,0.7273,4,2.09,2918.23
frutas,162.5,8,0.6667,1,6.27,3258.72
lacteos,125.0,7,0.5833,12,4.59,4806.14
granos,520.0,12,0.0811,5,6.05,3140.15
hortalizas,25.0,12,1.0,2,3.94,2648.09
granos,22.0,79,0.238,4,3.78,3812.42
granos,5.0,52,0.321,1,2.22,3034.04
frutas,612.5,11,0.9167,9,3.53,2543.1
granos,860.0,161,0.7252,11,5.15,3438.2
otros,520.0,14,0.875,11,1.26,2301.08
otros,360.0,2,0.0571,7,2.87,1647.22
tuberculos,412.5,15,0.4054,5,3.53,1065.22
granos,500.0,28,0.2295,7,3.44,2827.19
otros,8.0,4,0.1905,3,0.79,1472.72
tuberculos,450.0,23,0.6571,12,3.66,1377.33
hortalizas,700.0,6,0.75,7,3.64,1783.92
otros,48.0,20,0.5263,10,6.9,2939.16
granos,540.0,101,0.3727,3,3.44,2913.72
frutas,8.0,3,0.5,4,4.69,3471.16
hortalizas,1120.0,11,1.0,10,2.25,2096.73
otros,737.5,3,0.4286,2,1.8,1586.97
tuberculos,1020.0,41,0.7321,9,2.36,1548.61
lacteos,450.0,4,0.3636,6,5.19,3252.18
hortalizas,2200.0,1,0.1111,12,4.67,1536.07
otros,1650.0,4,0.3077,6,7.28,1960.05
granos,41.0,124,0.3523,3,4.94,3867.94
tuberculos,440.0,27,1.0,5,1.58,1342.81
frutas,262.5,5,0.4167,6,2.74,2357.59
hortalizas,50.0,5,0.3846,10,3.04,1822.17
frutas,540.0,1,0.2,12,3.72,2062.8
lacteos,537.5,12,1.0,7,3.81,3693.18
granos,22.0,167,0.5719,6,2.67,3652.48
lacteos,100.0,11,0.7857,8,8.35,4292.65
lacteos,2300.0,6,0.5,7,14.81,4106.94
granos,32.0,84,0.8842,5,1.33,3757.62
frutas,820.0,5,0.625,10,3.47,1937.2
lacteos,512.5,1,0.25,1,5.21,3820.0
tuberculos,12.0,5,0.0943,4,1.31,828.96
hortalizas,2700.0,7,0.4667,4,2.39,1599.72
lacteos,680.0,1,0.3333,9,4.68,3324.16
otros,412.5,1,0.0179,4,1.54,1085.07
frutas,4.0,1,0.1111,6,2.71,2018.15
granos,480.0,35,0.1326,12,2.93,2143.88
hortalizas,55.0,0,0.0,12,3.06,1464.59
lacteos,512.5,1,0.1429,11,5.04,3104.19
otros,36.0,0,0.0,12,0.78,1789.69
granos,40.0,313,0.9233,10,5.89,4045.85
tuberculos,140.0,1,0.0227,12,2.78,881.35
frutas,180.0,14,0.7,1,4.96,3270.96
frutas,1150.0,1,0.0625,5,2.92,1775.23
granos,2800.0,51,0.1828,11,1.39,2138.32
lacteos,262.5,4,1.0,1,1.57,4758.9
tuberculos,1700.0,27,0.5,9,3.91,1579.76
lacteos,587.5,2,0.6667,12,5.72,4633.45
lacteos,450.0,0,0.0,9,1.93,2082.3
tuberculos,725.0,35,1.0,9,3.65,1714.96
tuberculos,240.0,5,0.1786,10,3.86,1183.66
lacteos,1080.0,1,0.125,8,1.33,1766.54
lacteos,312.5,6,0.4615,8,3.65,3004.87
lacteos,262.5,9,0.6,6,2.82,2864.7
hortalizas,460.0,8,0.5333,12,1.24,1810.88
lacteos,880.0,2,0.6667,6,6.38,3560.31
frutas,387.5,0,0.0,5,1.79,1540.1
hortalizas,260.0,6,0.75,2,1.08,1931.17
otros,100.0,34,0.9444,6,2.91,2117.36
granos,50.0,65,0.3385,6,4.72,4325.68
hortalizas,2.0,6,0.75,7,10.03,2326.02
tuberculos,320.0,16,0.5714,1,4.65,1342.26
otros,687.5,5,0.3846,8,2.41,1934.29
frutas,5.0,6,0.6,10,2.78,2591.56
hortalizas,412.5,0,0.0,7,5.38,1143.49
hortalizas,50.0,9,0.6923,7,4.45,1791.56
tuberculos,150.0,44,0.8,11,0.81,1430.64
granos,18.0,65,0.5285,5,5.28,4550.54
lacteos,362.5,4,0.6667,8,3.28,3312.87
hortalizas,1350.0,15,1.0,1,0.52,1937.56
hortalizas,337.5,11,0.9167,3,11.48,2828.24
frutas,312.5,3,0.1765,7,0.98,1551.14
tuberculos,820.0,44,0.9167,7,0.78,1381.26
otros,637.5,13,0.8125,8,1.14,2281.44
frutas,725.0,1,0.0909,3,2.15,1917.42
frutas,1550.0,6,0.75,10,8.28,2765.74
lacteos,2050.0,4,1.0,9,3.34,3293.97
frutas,1100.0,4,0.3077,12,0.48,1797.81
otros,425.0,10,0.4167,12,5.35,2456.58
tuberculos,10.0,30,0.5769,12,1.63,1488.22
tuberculos,200.0,19,0.4318,4,0.45,833.81
otros,537.5,22,0.4074,1,2.11,1831.68
frutas,337.5,12,0.9231,3,6.24,3610.86
hortalizas,37.5,10,0.9091,4,1.84,2273.8
lacteos,2250.0,0,0.0,8,2.0,1638.97
hortalizas,50.0,5,1.0,8,1.75,2031.42
otros,28.0,18,0.8571,7,0.75,2414.44
frutas,160.0,11,0.55,4,2.26,2967.29
frutas,587.5,3,0.6,4,7.4,3665.53
frutas,500.0,6,0.4615,2,2.61,2553.66
tuberculos,46.0,8,0.186,12,1.5,1121.03
lacteos,1500.0,6,0.4,12,1.15,3572.06
frutas,700.0,2,0.1538,12,3.79,1717.37
otros,860.0,43,0.7818,11,8.85,2973.06
granos,637.5,182,0.6766,10,1.4,2628.95
hortalizas,162.5,5,0.7143,1,5.0,2554.53
lacteos,16.0,3,1.0,8,2.78,4195.79
frutas,2900.0,0,0.0,3,3.84,1825.38
lacteos,662.5,0,0.0,4,3.94,2049.14
hortalizas,36.0,0,0.0,11,4.73,1525.71
tuberculos,840.0,7,0.2917,2,3.18,923.4
tuberculos,800.0,3,0.1154,7,1.21,866.61
tuberculos,29.0,9,0.1957,7,2.87,1193.62
lacteos,500.0,7,0.5385,11,5.12,4077.14
tuberculos,720.0,23,0.3966,10,2.39,1166.12
otros,220.0,20,0.4762,7,1.51,1820.18
granos,262.5,12,0.1143,2,0.89,2211.68
otros,1140.0,1,0.027,4,4.4,1211.81
tuberculos,480.0,9,0.2143,11,1.31,1168.3
hortalizas,31.0,3,0.6,10,9.34,2643.23
granos,212.5,83,0.5804,12,2.34,3233.3
lacteos,1000.0,8,1.0,12,1.11,4638.79
frutas,337.5,12,0.8571,1,0.19,2463.83
otros,680.0,2,0.1818,3,4.46,1673.26
tuberculos,41.0,45,0.7759,9,0.59,1436.49
otros,1140.0,11,0.3929,11,6.75,2371.28
frutas,662.5,5,0.3571,9,3.21,1803.03
hortalizas,520.0,6,0.6,12,2.85,1974.86
otros,40.0,3,0.2308,6,4.86,2071.83
lacteos,562.5,1,0.0667,1,0.79,2361.01
hortalizas,2300.0,3,0.6,2,2.24,1701.58
granos,9.0,51,0.235,5,5.84,4596.47
tuberculos,540.0,0,0.0,1,2.16,778.29
lacteos,27.0,4,0.8,9,2.7,3400.98
hortalizas,1650.0,4,0.3636,4,3.65,1782.51
otros,280.0,10,0.7692,7,0.61,1833.44
tuberculos,2750.0,34,0.9714,9,10.13,1785.1
tuberculos,650.0,29,0.7838,8,1.78,1516.36
frutas,960.0,3,0.1765,4,4.89,2469.15
tuberculos,125.0,16,0.3137,4,3.44,1162.41
lacteos,2750.0,7,0.7,4,4.22,3318.59
granos,2050.0,51,0.2208,7,2.85,2524.4
hortalizas,45.0,9,0.6429,3,1.46,1923.25
hortalizas,55.0,2,0.2857,5,4.67,1640.35
otros,625.0,2,0.1176,12,1.99,1724.24
hortalizas,820.0,5,1.0,8,1.58,1793.6
otros,1060.0,20,1.0,7,2.47,2270.5
otros,375.0,18,0.6667,8,2.04,2716.51
frutas,1000.0,4,0.6667,11,4.27,2462.6
tuberculos,20.0,36,0.9474,1,0.47,1236.95
otros,537.5,23,1.0,5,0.59,1740.39
lacteos,900.0,1,0.125,9,7.27,2842.83
lacteos,400.0,2,0.1429,5,2.21,2620.19
tuberculos,240.0,3,0.0909,4,3.69,901.98
frutas,450.0,9,0.45,3,0.65,2158.42
otros,59.0,0,0.0,12,3.67,1388.79
otros,220.0,0,0.0,12,1.39,1519.17
tuberculos,30.0,21,0.8077,5,4.98,1578.21
lacteos,100.0,7,0.5833,9,8.32,4047.09
granos,45.0,8,0.0419,10,1.95,1950.6
granos,39.0,340,0.9798,9,5.52,4626.09
hortalizas,2650.0,11,0.7333,4,8.48,2555.01
lacteos,387.5,12,0.8,6,1.1,3093.19
granos,9.0,76,0.6387,5,2.4,5638.14
frutas,27.0,9,0.75,9,1.94,2265.42
otros,737.5,0,0.0,9,2.94,1712.68
lacteos,27.0,10,0.8333,9,6.74,4445.65
lacteos,250.0,4,0.2857,1,1.61,3253.33
tuberculos,880.0,5,0.0877,4,5.69,995.17
otros,580.0,8,0.8,11,0.74,2606.89
granos,225.0,240,0.7717,3,2.82,3281.71
hortalizas,900.0,2,0.2857,10,5.4,2060.26
tuberculos,1000.0,5,0.1923,9,6.56,1369.95
hortalizas,12.0,8,0.7273,1,5.25,2637.69
lacteos,31.0,10,0.7692,7,1.33,2852.67
tuberculos,48.0,1,0.0179,3,2.06,689.45
tuberculos,1040.0,38,0.9048,2,3.25,1129.3
hortalizas,850.0,4,0.4444,3,2.56,1686.65
hortalizas,520.0,2,0.1667,5,2.85,1249.13
hortalizas,450.0,5,0.8333,3,3.02,2291.36
granos,250.0,122,0.5865,9,5.14,3834.78
tuberculos,2000.0,0,0.0,7,3.77,816.15
tuberculos,40.0,25,0.625,8,4.79,1938.77
hortalizas,2550.0,2,0.2857,11,1.48,1531.25
tuberculos,225.0,29,0.6304,2,0.99,970.43
hortalizas,14.0,0,0.0,4,1.03,993.33
frutas,1600.0,3,0.3,10,5.05,1911.63
hortalizas,27.0,1,0.2,11,4.02,1863.52
hortalizas,500.0,3,0.3333,12,4.51,1788.86
frutas,687.5,5,0.5,11,3.74,2345.85
hortalizas,1180.0,2,0.3333,12,7.98,2106.31
granos,19.0,72,0.5,12,2.84,3033.0
frutas,1650.0,9,0.4737,8,0.72,1771.28
frutas,2050.0,0,0.0,7,8.12,1735.35
lacteos,10.0,7,0.875,4,16.7,6173.07
frutas,140.0,8,0.8889,1,5.53,3677.97
tuberculos,620.0,36,0.7059,12,5.58,1408.63
tuberculos,1060.0,15,0.5357,5,2.86,1100.36
frutas,60.0,1,0.1429,7,3.15,1860.22
lacteos,1200.0,5,1.0,9,5.02,3712.4
hortalizas,400.0,8,0.5333,4,2.19,1417.65
granos,1850.0,1,0.0051,12,2.0,1703.22
tuberculos,550.0,11,0.2444,12,5.48,1045.98
frutas,2850.0,4,0.2222,9,2.76,1679.02
otros,40.0,17,1.0,9,13.14,4364.23
lacteos,62.5,0,0.0,3,3.09,2988.32
otros,2550.0,13,0.52,9,2.04,2311.07
tuberculos,800.0,16,0.3636,10,0.84,1125.61
tuberculos,1400.0,41,0.8723,4,0.19,1209.1
hortalizas,350.0,4,0.5714,5,2.62,1482.24
hortalizas,2150.0,4,0.3077,12,2.15,1521.98
hortalizas,38.0,7,0.7,4,8.34,2536.41
frutas,900.0,3,0.3,1,11.17,2855.78
hortalizas,712.5,5,0.5556,8,4.27,1959.27
tuberculos,19.0,8,0.2105,10,1.76,1125.89
frutas,2250.0,10,0.9091,1,4.79,3382.39
granos,3.0,199,0.9707,9,3.73,4553.08
hortalizas,2550.0,9,0.6923,1,6.68,2544.45
tuberculos,52.0,40,0.8333,9,5.33,2113.8
granos,612.5,190,0.6859,1,4.13,3143.77
lacteos,1000.0,3,0.2143,7,3.45,2876.34
frutas,550.0,8,0.6667,5,1.83,2696.7
granos,12.0,79,0.2176,4,6.55,3468.73
frutas,12.5,3,0.375,8,5.52,2781.05
tuberculos,225.0,5,0.2083,3,6.91,1012.91
otros,287.5,9,0.3103,4,5.64,1684.65
tuberculos,375.0,19,0.413,9,0.93,1316.38
frutas,540.0,6,0.6,3,3.37,3061.98
hortalizas,800.0,10,0.8333,9,3.89,2073.73
hortalizas,44.0,6,0.4286,2,2.78,1943.7
frutas,1700.0,14,0.7778,4,3.04,2808.01
granos,28.0,49,0.2178,5,4.66,3429.27
hortalizas,42.0,5,0.4545,5,8.84,1991.38
granos,11.0,60,0.6,5,1.19,3662.05
frutas,41.0,6,0.375,1,1.13,2331.38
otros,360.0,4,0.4444,6,0.39,1656.89
tuberculos,800.0,50,0.8772,5,3.31,1518.76
frutas,550.0,8,0.6154,6,2.86,2661.02
lacteos,940.0,0,0.0,8,3.6,2078.24
lacteos,2200.0,11,0.9167,5,6.07,4065.53
lacteos,1350.0,5,0.5,5,2.23,3010.65
otros,375.0,4,0.2105,2,2.61,1797.86
frutas,112.5,5,0.8333,8,3.01,2740.44
otros,1850.0,6,0.1,1,1.09,1409.32
tuberculos,200.0,4,0.08,3,1.27,645.14
frutas,1200.0,2,0.25,2,0.51,2318.68
frutas,250.0,2,0.25,8,1.38,1710.42
hortalizas,412.5,2,0.1429,9,5.51,1485.54
granos,18.0,84,0.3294,5,2.98,3561.4
otros,240.0,7,0.3889,7,4.48,2066.85
otros,460.0,54,1.0,12,2.52,3150.42
granos,880.0,66,0.2143,11,3.59,2308.28
lacteos,700.0,12,1.0,11,6.8,5224.93
lacteos,40.0,0,0.0,7,2.06,1984.14
tuberculos,850.0,13,0.5652,9,1.75,1293.25
tuberculos,53.0,9,0.36,8,4.02,1583.78
hortalizas,220.0,9,0.8182,12,4.8,2507.57
lacteos,1800.0,4,0.4,3,3.08,3425.78
hortalizas,47.0,4,0.5714,5,1.18,1599.14
granos,50.0,88,0.4,5,3.84,3930.51
frutas,3.0,5,0.2778,10,4.86,2378.42
frutas,21.0,10,0.625,6,8.94,3486.52
frutas,587.5,0,0.0,2,2.56,1805.41
granos,100.0,29,0.2929,9,3.27,3027.24
granos,34.0,70,0.5691,4,5.11,4045.92
tuberculos,840.0,10,0.1786,5,5.28,1019.78
frutas,525.0,16,0.8889,3,1.08,3232.59
lacteos,725.0,7,0.875,4,5.04,4198.42
otros,500.0,22,0.4681,9,3.57,2627.63
granos,2150.0,55,0.2511,12,3.48,2713.75
otros,32.0,0,0.0,12,5.5,1721.22
otros,225.0,4,0.5714,12,3.27,2370.41
otros,2800.0,24,0.4898,1,8.85,2558.88
hortalizas,1450.0,0,0.0,4,0.98,780.61
hortalizas,1700.0,10,0.8333,1,0.27,1860.4
hortalizas,1950.0,6,0.5,5,2.24,1530.82
lacteos,1450.0,11,0.7857,11,3.45,3921.65
frutas,5.0,7,0.7778,1,3.68,3457.05
lacteos,1000.0,8,0.8889,8,0.77,2662.38
granos,100.0,152,0.9102,1,3.7,3587.25
lacteos,37.5,3,0.75,6,4.56,4460.54
frutas,2150.0,16,0.8,11,9.0,3113.12
granos,2450.0,73,0.7935,2,7.31,3655.4
lacteos,250.0,7,0.875,11,2.51,4921.24
hortalizas,462.5,1,0.0833,9,4.75,1670.67
granos,612.5,147,0.4324,9,2.3,2618.15
otros,22.0,5,0.625,5,4.54,2240.62
hortalizas,412.5,1,0.1,11,5.49,1809.46
otros,42.0,2,0.1667,5,8.56,1750.8
tuberculos,337.5,2,0.0667,12,4.88,949.77
frutas,340.0,10,0.5263,11,7.07,2277.94
hortalizas,1100.0,2,0.4,11,4.68,1888.63
hortalizas,800.0,2,0.2857,5,6.41,1410.11
granos,512.5,10,0.0671,8,1.16,2268.94
tuberculos,2250.0,23,0.434,1,2.18,1148.15
otros,53.0,12,0.9231,1,1.31,2156.6
frutas,687.5,10,0.7692,8,3.15,2669.6
lacteos,87.5,9,0.9,5,2.11,3608.11
otros,200.0,6,0.1714,9,5.53,2480.49
granos,1080.0,66,0.3099,5,1.57,2556.4
lacteos,300.0,0,0.0,11,3.85,2236.33
lacteos,750.0,9,0.6429,12,0.72,3799.62
tuberculos,262.5,41,0.6949,8,4.92,1569.32
frutas,100.0,0,0.0,8,4.21,1651.54
lacteos,700.0,9,0.8182,2,1.85,3709.63
frutas,59.0,8,0.5333,9,6.86,2968.53
hortalizas,287.5,0,0.0,5,3.15,1167.06
frutas,125.0,14,0.7368,2,2.47,3370.95
otros,2950.0,0,0.0,7,6.09,1319.78
tuberculos,43.0,23,0.92,4,2.89,1346.42
hortalizas,1140.0,2,0.3333,12,10.96,2167.14
tuberculos,462.5,9,0.4286,2,4.24,1109.6
frutas,2300.0,10,0.5,8,3.49,1753.51
frutas,1900.0,9,1.0,4,0.29,2828.2
hortalizas,550.0,2,0.2857,6,1.37,1275.0
hortalizas,46.0,0,0.0,11,3.35,1248.06
hortalizas,920.0,0,0.0,5,3.61,1021.7
lacteos,1140.0,11,0.9167,12,4.75,3986.76
otros,12.5,1,0.0417,9,2.46,2077.22
frutas,320.0,14,0.8235,5,1.96,2953.32
lacteos,15.0,11,0.7857,4,7.28,5471.68
granos,675.0,2,0.0056,6,3.46,2769.56
tuberculos,300.0,37,0.9487,8,0.83,1402.73
granos,380.0,256,0.9014,10,1.15,3116.97
hortalizas,300.0,6,0.6667,12,4.54,2111.95
tuberculos,650.0,4,0.1538,6,4.64,1274.08
hortalizas,1100.0,4,0.8,12,6.21,2638.78
lacteos,24.0,2,0.1429,4,6.26,3104.41
tuberculos,12.0,2,0.0513,6,4.77,1060.96
otros,56.0,5,0.1786,5,2.22,1449.1
hortalizas,575.0,3,0.5,2,2.42,1719.18
hortalizas,87.5,12,0.9231,3,1.09,2123.67
granos,680.0,181,0.5621,5,2.7,3411.54
frutas,2300.0,9,1.0,3,1.73,2816.46
otros,8.0,6,0.125,9,3.81,2281.8
otros,1400.0,24,0.75,7,6.37,2348.72
frutas,58.0,6,0.4286,5,1.63,2137.86
tuberculos,50.0,30,0.8108,7,4.51,1749.16
granos,43.0,113,0.3531,8,1.64,3283.26
otros,4.0,33,0.75,10,3.07,2641.78
hortalizas,587.5,2,0.1667,12,4.38,1823.38
lacteos,25.0,1,0.1667,8,4.01,2800.3
tuberculos,1120.0,19,0.3958,10,3.88,1558.04
frutas,640.0,2,0.125,7,2.63,1797.21
otros,725.0,11,0.3438,6,6.33,2023.56
otros,300.0,18,0.3333,3,3.97,1944.55
hortalizas,11.0,1,0.0909,9,2.29,1625.35
frutas,600.0,17,1.0,8,1.97,2581.78
lacteos,2250.0,3,0.25,6,3.36,2489.21
granos,50.0,129,0.7011,3,1.28,3081.71
granos,80.0,102,0.434,1,2.65,2990.93
hortalizas,660.0,11,1.0,2,1.9,2323.17
hortalizas,45.0,7,0.7,8,7.89,2242.51
otros,340.0,12,0.5455,7,1.48,1866.19
granos,362.5,113,0.3979,9,2.36,2926.74
hortalizas,162.5,3,0.4286,12,3.35,2145.98
frutas,35.0,0,0.0,3,5.18,2370.66
tuberculos,7.0,19,0.3455,4,2.94,1466.42
otros,2750.0,14,0.8235,7,5.39,2272.07
frutas,55.0,4,0.8,5,1.8,2970.73
granos,2800.0,176,0.9888,12,3.18,3041.42
otros,400.0,3,0.0732,12,4.58,1995.58
frutas,2000.0,8,0.4211,1,2.91,2144.97
lacteos,27.0,6,0.4,9,3.76,3179.57
otros,1350.0,33,0.8684,7,3.88,2136.99
frutas,100.0,3,0.2143,4,6.84,3053.98
lacteos,237.5,6,0.4286,4,3.17,3464.15
otros,2850.0,7,0.875,2,0.97,1779.3
granos,300.0,34,0.1079,7,3.84,2777.64
frutas,350.0,16,0.8421,11,0.46,2180.95
frutas,340.0,18,0.9,6,4.34,3104.81
hortalizas,1300.0,11,0.9167,7,2.26,1420.1
frutas,39.0,0,0.0,2,4.18,2111.39
hortalizas,1850.0,5,0.5,9,2.95,1659.01
lacteos,1350.0,11,1.0,3,4.52,4753.38
granos,1200.0,2,0.0163,6,1.04,2101.96
granos,1350.0,20,0.155,2,1.9,1888.92
otros,1180.0,10,0.5263,10,7.85,2882.59
otros,45.0,48,1.0,9,4.47,3232.24
otros,175.0,7,0.2121,3,6.12,1873.66
hortalizas,14.0,8,0.8,9,4.06,2363.98
tuberculos,1750.0,6,0.15,12,0.73,802.75
otros,17.0,17,0.4146,1,1.79,2357.24
frutas,100.0,13,0.9286,3,5.32,3343.53
lacteos,2800.0,2,0.1538,3,0.74,2624.02
otros,820.0,37,0.7551,3,1.36,1788.13
otros,760.0,25,0.6757,8,4.68,2512.44
otros,53.0,55,1.0,11,11.73,3796.12
hortalizas,37.5,0,0.0,11,1.4,1197.03
frutas,42.0,5,0.4545,12,2.42,2524.8
granos,640.0,66,0.4074,1,1.0,2415.86
lacteos,175.0,8,0.5714,12,1.53,3781.03
granos,750.0,19,0.1583,9,5.38,2946.01
hortalizas,1080.0,5,1.0,4,4.06,2289.16
lacteos,1.0,7,0.5,2,0.86,3656.36
lacteos,1050.0,3,1.0,5,7.2,4485.18
hortalizas,36.0,2,0.2857,2,5.77,1947.61
hortalizas,700.0,2,0.3333,12,4.9,1834.04
granos,520.0,14,0.0697,10,3.3,2210.46
granos,120.0,69,0.6106,1,1.28,2560.68
otros,17.0,3,0.06,4,6.37,1667.06
hortalizas,480.0,7,0.7778,3,1.28,1737.12
tuberculos,850.0,9,0.3333,8,3.6,1268.29
otros,60.0,31,0.7561,10,5.27,3406.37
granos,1080.0,30,0.2381,11,0.91,1812.28
granos,200.0,207,0.981,7,2.9,4294.43
tuberculos,2750.0,0,0.0,4,1.72,639.99
otros,1200.0,17,0.4048,2,6.75,1984.89
tuberculos,240.0,19,0.4524,2,16.31,1312.0
hortalizas,45.0,5,0.3846,7,2.37,1496.12
frutas,36.0,7,0.4667,5,1.03,2117.43
otros,51.0,4,0.3077,1,6.33,2301.59
frutas,11.0,9,1.0,5,5.28,3815.81
frutas,12.0,4,0.25,11,5.68,2589.87
hortalizas,325.0,11,0.8462,5,3.48,1704.98
tuberculos,47.0,5,0.1852,1,2.39,1135.36
otros,2100.0,39,0.6964,6,3.23,2160.45
tuberculos,512.5,34,0.85,7,6.46,1977.23
otros,500.0,1,0.0222,1,0.95,1396.04
granos,2400.0,165,0.4635,3,5.2,2897.14
granos,580.0,239,0.9876,5,3.48,4291.94
tuberculos,562.5,29,0.6042,2,7.5,1471.51
hortalizas,500.0,4,0.3636,7,4.9,1446.62
tuberculos,56.0,41,0.7193,6,3.36,1422.41
otros,800.0,18,0.3529,3,0.76,1585.17
lacteos,17.0,7,0.5,5,9.51,4516.64
tuberculos,36.0,12,0.3529,11,6.04,1711.8
lacteos,40.0,0,0.0,11,2.16,2615.73
otros,1000.0,21,0.42,12,7.05,2207.61
otros,50.0,21,0.6176,9,2.1,2684.0
otros,35.0,19,0.3585,8,3.1,2480.41
tuberculos,900.0,12,0.375,5,7.43,1412.44
lacteos,10.0,0,0.0,12,4.47,3385.0
tuberculos,48.0,30,0.75,9,8.45,2129.99
frutas,12.5,1,0.1111,4,2.83,2305.73
lacteos,380.0,3,0.6,7,2.8,3289.11
granos,600.0,2,0.0128,7,3.47,2319.86
lacteos,1850.0,3,0.3333,6,0.54,2567.91
frutas,575.0,2,0.2,6,3.56,2096.42
granos,487.5,7,0.0761,8,2.21,2628.56
lacteos,700.0,4,1.0,5,3.92,4311.34
tuberculos,47.0,3,0.0556,2,4.62,1048.31
tuberculos,2250.0,44,1.0,12,9.93,2065.51
granos,362.5,72,0.3956,5,0.03,3142.12
otros,550.0,0,0.0,2,0.14,939.91
hortalizas,28.0,7,0.5833,1,4.87,2468.9
hortalizas,33.0,4,0.2667,4,0.49,1316.33
frutas,1080.0,2,0.2857,2,3.77,2515.5
granos,56.0,198,0.6828,4,5.62,3796.79
frutas,220.0,1,0.1429,2,3.39,2086.07
hortalizas,2700.0,12,0.9231,2,0.8,1990.06
otros,262.5,1,0.1429,8,1.88,1511.9
lacteos,712.5,3,0.2727,12,5.14,3709.01
hortalizas,600.0,10,0.8333,11,1.59,2050.86
lacteos,940.0,6,0.5,11,0.84,3169.09
hortalizas,120.0,7,0.6364,5,2.34,1534.28
granos,520.0,131,0.5598,4,2.76,2963.05
hortalizas,1.0,6,0.5455,9,8.02,2431.35
granos,160.0,8,0.0635,8,2.08,2564.09
lacteos,487.5,1,0.2,9,1.72,2557.1
frutas,2250.0,5,0.2778,1,5.26,2095.42
tuberculos,500.0,45,0.7627,12,1.69,1372.43
lacteos,580.0,1,0.1429,11,1.3,2540.4
lacteos,520.0,3,0.4286,1,1.94,3781.1
hortalizas,25.0,4,0.4444,1,1.3,1908.0
tuberculos,225.0,6,0.2308,1,5.16,1115.7
otros,29.0,42,0.7778,6,0.95,2296.53
hortalizas,2050.0,6,0.4615,5,0.82,1391.48
lacteos,40.0,7,1.0,7,1.84,3748.69
tuberculos,50.0,27,0.7297,6,4.06,1796.04
tuberculos,225.0,3,0.0882,6,5.03,1144.0
frutas,1050.0,0,0.0,5,3.68,1844.16
otros,1060.0,25,0.4545,11,3.82,2489.0
lacteos,15.0,14,1.0,3,1.65,4292.79
tuberculos,1750.0,18,0.6,11,2.44,1263.31
tuberculos,41.0,16,0.7619,7,6.73,2196.26
frutas,37.0,14,0.7,4,0.54,2767.66
tuberculos,2950.0,10,0.4167,8,2.75,1236.74
hortalizas,475.0,5,0.5556,9,6.99,1799.04
otros,562.5,1,0.05,1,1.88,1317.34
hortalizas,150.0,3,0.25,9,3.33,1713.11
tuberculos,1850.0,13,0.25,8,8.28,1271.39
otros,26.0,28,0.6087,1,9.51,2998.7
tuberculos,662.5,24,0.7273,10,6.24,1746.08
otros,15.0,8,0.3478,3,0.7,1746.08
otros,600.0,8,0.8889,1,5.65,2580.4
lacteos,312.5,13,0.9286,9,2.85,3943.67
tuberculos,680.0,28,0.8,11,2.13,1264.32
otros,87.5,18,0.7826,6,5.13,2978.84
lacteos,1000.0,3,0.25,8,1.83,2437.77
frutas,325.0,2,0.125,1,12.48,2295.83
lacteos,720.0,6,0.75,3,4.86,4401.36
hortalizas,11.0,5,0.5,4,3.39,1653.9
lacteos,1400.0,1,0.3333,9,4.84,2604.06
lacteos,1200.0,1,0.1667,8,5.45,2495.3
frutas,13.0,5,0.3846,9,3.7,1949.33
granos,300.0,133,0.5385,9,9.04,4074.96
tuberculos,675.0,10,0.1695,10,3.68,1031.56
tuberculos,43.0,15,0.5357,3,1.47,1060.3
lacteos,840.0,0,0.0,7,3.54,1923.74
granos,60.0,171,0.668,4,1.32,3068.27
lacteos,60.0,3,1.0,5,0.92,3885.34
granos,540.0,58,0.3069,4,1.79,2680.29
hortalizas,2250.0,5,0.5,6,4.53,1467.42
otros,1600.0,14,0.8235,1,0.93,2163.41
frutas,760.0,0,0.0,3,3.12,1681.24
hortalizas,880.0,11,0.9167,7,3.17,1793.17
tuberculos,2400.0,23,0.4894,1,2.32,1005.79
frutas,2100.0,13,0.8667,2,4.64,3557.25
granos,2000.0,104,0.4177,8,6.78,3747.37
granos,700.0,237,0.7012,12,1.8,2337.4
frutas,6.0,1,0.125,10,1.41,1721.06
lacteos,10.0,7,0.7778,2,3.18,4671.7
otros,56.0,22,0.6875,1,2.26,2063.32
frutas,725.0,6,0.5455,8,4.27,2178.45
tuberculos,900.0,34,0.9189,1,3.31,1681.27
lacteos,260.0,3,0.5,3,1.72,3814.57
frutas,12.5,5,0.5556,12,1.17,2409.77
lacteos,14.0,13,0.9286,1,2.74,5105.69
hortalizas,7.0,4,0.3077,5,2.92,1574.92
otros,2750.0,22,0.7857,12,4.67,3020.29
lacteos,120.0,3,0.5,5,2.56,3280.57
lacteos,50.0,2,0.3333,10,8.33,4543.93
tuberculos,562.5,17,0.4359,3,3.86,1114.6
tuberculos,2400.0,44,0.8462,4,3.04,1305.09
hortalizas,2900.0,3,0.2,4,0.9,1076.65
lacteos,380.0,11,0.7857,5,5.05,3955.64
hortalizas,54.0,7,0.7778,3,0.87,1847.75
tuberculos,21.0,40,0.9302,1,4.9,1563.28
hortalizas,362.5,0,0.0,12,2.14,1252.4
hortalizas,340.0,5,0.4545,11,2.53,1805.44
otros,41.0,4,0.0952,7,7.87,2092.96
tuberculos,57.0,12,0.2449,5,6.63,1281.41
tuberculos,300.0,31,0.5254,6,1.65,1261.19
lacteos,200.0,4,0.3077,5,2.49,2782.92
hortalizas,120.0,1,0.1429,1,2.93,1605.61
granos,180.0,101,0.9182,11,7.72,4300.53
lacteos,850.0,4,0.8,6,5.97,4199.98
hortalizas,1550.0,7,0.4667,7,1.74,1433.59
granos,480.0,114,0.413,6,3.71,3366.24
otros,2300.0,12,0.4138,6,6.03,2296.99
frutas,57.0,13,0.65,7,1.4,2709.91
otros,80.0,11,0.3667,6,0.57,1586.79
hortalizas,1300.0,3,0.2143,10,6.75,1568.21
otros,1160.0,45,0.7895,10,1.07,2377.84
frutas,150.0,4,0.5714,5,4.48,2688.95
frutas,525.0,16,0.9412,6,4.09,3260.38
hortalizas,43.0,9,0.75,1,11.35,2819.83
otros,300.0,18,0.7826,8,3.77,2849.2
frutas,2700.0,16,0.8421,4,4.92,3388.87
granos,600.0,200,0.5571,4,0.7,2963.47
frutas,1000.0,4,0.5,6,7.99,3219.94
otros,400.0,19,0.9048,10,5.59,3155.22
tuberculos,260.0,27,0.5625,10,0.21,1335.35
otros,39.0,1,0.125,2,1.21,1407.56
frutas,240.0,8,0.4706,7,6.82,2925.27
tuberculos,350.0,25,0.6757,10,1.65,1327.93
granos,820.0,48,0.2034,11,1.68,2070.73
granos,12.5,60,0.5,8,3.29,3873.48
lacteos,21.0,2,0.25,9,6.34,3889.25
lacteos,1350.0,6,0.6,9,6.81,4761.42
lacteos,2050.0,2,0.4,4,3.08,3241.54
tuberculos,25.0,0,0.0,4,2.28,684.17
granos,250.0,7,0.0192,8,4.1,2502.9
granos,2850.0,31,0.3131,12,3.64,2620.05
otros,2000.0,0,0.0,5,1.15,1095.05
granos,1180.0,266,0.8444,7,12.3,5125.49
tuberculos,187.5,1,0.0385,4,5.37,915.2
granos,860.0,121,0.555,6,2.11,3596.17
otros,55.0,17,0.3864,10,3.52,2252.92
granos,200.0,121,0.5817,10,4.38,3414.27
otros,5.0,28,0.7368,5,3.6,2573.36
hortalizas,587.5,9,0.9,8,3.69,2117.84
granos,250.0,235,0.7143,2,2.4,3191.69
hortalizas,2750.0,13,1.0,12,2.81,2453.97
hortalizas,480.0,2,0.25,11,1.43,1415.39
frutas,1600.0,2,0.4,8,2.56,2037.63
granos,325.0,230,0.6609,8,2.07,3279.95
granos,50.0,70,0.6422,9,2.91,3224.45
otros,35.0,2,0.1667,6,2.46,1476.16
hortalizas,2800.0,10,1.0,6,2.94,1760.79
hortalizas,62.5,7,0.5833,1,8.02,2528.51
otros,500.0,11,0.2391,8,0.53,1878.85
granos,1150.0,229,0.6735,1,4.17,3124.06
hortalizas,750.0,1,0.1111,9,3.94,1389.56
frutas,400.0,13,0.8667,6,4.56,2985.98
hortalizas,2150.0,3,0.4286,4,4.82,1459.08
lacteos,675.0,8,0.5333,2,2.05,4092.14
hortalizas,46.0,0,0.0,6,6.5,1123.95
hortalizas,860.0,13,0.9286,11,4.72,2424.74
lacteos,575.0,2,0.1429,1,1.35,3133.75
frutas,2350.0,2,0.1667,12,1.59,1801.24
otros,32.0,12,1.0,4,3.5,1974.93
hortalizas,1800.0,4,0.8,1,5.97,2547.55
tuberculos,2850.0,14,0.3182,8,3.99,1373.54
granos,140.0,205,0.7885,1,1.68,3436.93
tuberculos,462.5,27,0.7714,3,1.0,1049.38
lacteos,487.5,1,0.1429,10,6.49,3180.35
otros,740.0,13,1.0,8,3.35,2601.81
hortalizas,400.0,15,1.0,6,1.09,1792.21
granos,200.0,155,0.4905,3,3.26,3375.77
granos,1040.0,0,0.0,12,1.94,1504.31
tuberculos,56.0,20,0.3333,3,0.3,938.91
lacteos,1700.0,2,0.5,12,6.7,4677.25
hortalizas,1180.0,11,0.7857,5,1.47,1623.26
otros,2700.0,8,0.4444,7,1.65,1815.53
lacteos,2650.0,1,0.25,3,2.92,3689.61
lacteos,1600.0,7,0.5833,3,0.8,3014.78
frutas,500.0,0,0.0,11,5.36,1672.88
hortalizas,1000.0,12,0.8,2,5.31,1978.47
frutas,1700.0,12,0.6316,11,2.05,2376.7
hortalizas,2900.0,8,0.7273,5,3.64,1455.29
tuberculos,960.0,40,0.6897,10,6.32,1795.66
otros,100.0,18,0.3529,12,3.25,2374.35
otros,320.0,4,0.1143,11,2.83,1927.77
tuberculos,360.0,26,0.4815,4,0.14,1079.13
granos,800.0,241,0.7724,6,0.58,3493.97
frutas,460.0,2,0.2,6,1.46,2067.66
frutas,580.0,6,0.6667,1,2.08,2405.33
granos,4.0,61,0.3653,5,3.75,3756.1
granos,480.0,148,0.7551,2,1.29,2698.22
tuberculos,50.0,28,0.875,7,11.61,2206.15
otros,38.0,31,0.7045,9,2.03,2414.93
tuberculos,2600.0,30,0.6818,3,2.77,1132.98
otros,42.0,15,0.2941,9,2.28,2462.13
granos,2650.0,103,0.8879,8,0.78,3349.17
hortalizas,50.0,7,0.7778,5,3.15,1644.65
lacteos,400.0,2,0.25,6,4.01,2857.5
otros,100.0,28,0.6512,7,7.44,2607.69
tuberculos,12.5,5,0.1562,3,0.46,755.74
hortalizas,14.0,5,0.625,12,2.49,2587.08
granos,50.0,123,0.3618,3,9.18,3618.26
frutas,25.0,4,0.8,9,0.58,2503.13
granos,21.0,182,0.65,2,12.97,4615.96
frutas,260.0,5,1.0,11,1.71,2780.13
hortalizas,600.0,3,0.25,12,1.63,1616.97
frutas,1250.0,2,0.1053,10,4.39,1784.36
otros,1000.0,52,0.8966,7,7.58,3158.29
otros,50.0,7,0.1795,1,1.38,1784.55
hortalizas,440.0,2,0.2222,7,3.78,1425.63
lacteos,900.0,3,0.2727,8,0.55,2205.16
tuberculos,53.0,6,0.2308,9,13.33,1696.46
tuberculos,1.0,10,0.4167,7,3.18,1558.82
hortalizas,860.0,9,0.8182,4,7.2,2464.54
tuberculos,350.0,54,0.9643,7,3.52,1638.38
otros,112.5,9,0.8182,2,6.05,2434.97
hortalizas,750.0,5,0.4167,1,0.2,1799.33
granos,2700.0,54,0.1837,6,3.47,2898.1
frutas,35.0,15,0.8824,7,2.89,2594.36
otros,387.5,17,0.8947,4,4.11,2313.27
hortalizas,41.0,6,0.8571,6,4.93,2289.47
frutas,537.5,0,0.0,7,3.56,1563.79
lacteos,51.0,1,0.3333,7,2.27,2606.79
hortalizas,112.5,7,0.875,12,1.57,2544.89
lacteos,14.0,2,0.5,5,7.2,4710.94
tuberculos,42.0,27,0.675,11,6.07,2013.26
otros,18.0,4,0.1333,11,1.48,2033.84
otros,1180.0,17,0.5152,9,3.38,2323.95
hortalizas,660.0,4,0.4,12,6.47,2112.14
tuberculos,680.0,30,1.0,1,7.1,1488.48
otros,52.0,16,0.4324,2,7.93,2509.41
hortalizas,39.0,10,0.8333,5,1.26,2165.29
granos,75.0,24,0.1832,9,2.17,3112.26
otros,760.0,37,0.9487,5,2.59,2132.45
frutas,387.5,4,0.5,7,4.3,2500.11
frutas,17.0,2,0.2,9,4.11,1921.6
granos,120.0,64,0.3092,1,2.38,2470.79
frutas,50.0,9,0.75,7,3.94,3237.8
otros,462.5,50,0.9804,11,1.97,2812.95
tuberculos,560.0,5,0.1852,8,5.81,1430.12
lacteos,1000.0,1,0.25,1,1.87,3340.63
frutas,250.0,0,0.0,8,1.51,1294.75
hortalizas,250.0,7,0.875,2,1.59,2130.7
lacteos,562.5,3,0.4286,9,2.37,2904.68
otros,1350.0,14,0.2692,2,12.43,1995.87
lacteos,56.0,1,0.2,8,2.14,2322.66
hortalizas,3.0,0,0.0,2,1.49,1274.82
frutas,1900.0,5,0.25,10,3.68,1761.86
otros,32.0,42,0.9333,8,20.29,3940.07
hortalizas,16.0,13,0.9286,1,4.04,2629.07
tuberculos,300.0,7,0.1429,7,5.93,1183.6
hortalizas,400.0,12,0.9231,4,2.81,1758.08
tuberculos,25.0,15,0.4839,10,3.1,1468.84
tuberculos,940.0,34,0.6296,5,2.0,1116.16
lacteos,4.0,3,0.6,11,3.21,4383.35
otros,512.5,26,0.619,11,7.06,2746.03
hortalizas,380.0,4,0.3077,5,0.84,1302.51
hortalizas,45.0,2,0.4,2,12.76,2190.31
granos,1150.0,123,0.4695,2,1.47,2492.39
frutas,580.0,20,1.0,3,12.65,4352.42
lacteos,24.0,3,1.0,9,1.6,3289.58
hortalizas,575.0,4,0.4,7,2.1,1179.27
lacteos,225.0,3,0.2143,6,3.5,2808.08
lacteos,1100.0,2,0.3333,8,1.06,2283.09
tuberculos,312.5,36,0.6,3,7.19,1404.19
otros,31.0,34,0.6415,11,7.6,3410.96
otros,1550.0,25,0.5208,7,4.62,1910.29
frutas,31.0,1,0.1667,6,2.37,2249.1
otros,20.0,34,0.6538,6,8.62,3013.14
lacteos,300.0,7,0.7,4,2.42,3442.53
tuberculos,56.0,39,0.907,9,4.94,1731.44
hortalizas,900.0,12,1.0,11,1.97,2244.94
tuberculos,550.0,18,0.6923,6,7.2,1820.47
hortalizas,840.0,2,0.1429,4,4.68,1315.11
lacteos,2.0,7,1.0,8,4.8,4722.96
otros,700.0,21,0.875,11,0.7,2888.0
otros,47.0,11,0.8462,6,10.31,3137.12
granos,700.0,185,0.9024,5,1.91,3395.95
frutas,54.0,18,1.0,4,0.64,3439.28
tuberculos,600.0,3,0.0652,2,3.26,821.64
hortalizas,100.0,6,0.8571,11,2.53,2276.32
otros,53.0,13,0.5909,10,6.97,3365.36
frutas,325.0,3,0.1667,3,0.4,2103.66
granos,650.0,8,0.0289,3,2.77,2158.75
frutas,600.0,6,0.3529,11,1.46,2082.51
frutas,450.0,2,0.1818,8,6.3,2308.03
tuberculos,700.0,13,0.3939,6,4.64,1174.73
lacteos,2650.0,1,0.2,5,2.34,2213.5
otros,50.0,1,0.0208,4,3.58,1314.02
lacteos,400.0,8,0.6667,6,6.97,3964.97
frutas,580.0,5,0.4167,1,0.62,2389.32
hortalizas,700.0,9,0.9,5,2.09,1520.7
frutas,1140.0,6,0.3333,3,3.65,2691.27
lacteos,550.0,0,0.0,3,4.07,2424.8
otros,1250.0,42,0.913,10,0.48,2309.76
lacteos,150.0,5,1.0,2,4.82,5708.27
tuberculos,300.0,30,0.7895,8,1.39,1340.81
lacteos,980.0,11,0.8462,4,0.38,4000.88
frutas,1650.0,0,0.0,8,7.56,1578.47
lacteos,1450.0,8,1.0,9,1.07,3390.06
hortalizas,14.0,9,0.6,11,4.23,2186.93
otros,250.0,5,0.1923,7,2.28,1676.55
otros,1180.0,5,0.1724,4,4.48,1537.13
frutas,43.0,0,0.0,8,4.38,1674.0
tuberculos,212.5,18,0.3051,4,6.63,1271.68
tuberculos,10.0,20,0.9091,12,5.9,1871.92
lacteos,44.0,2,0.6667,5,3.53,3774.4
tuberculos,53.0,17,0.5862,1,10.71,1529.4
lacteos,2850.0,0,0.0,7,2.15,1760.59
frutas,62.5,10,0.6667,10,4.53,2598.1
otros,4.0,36,0.8571,9,6.99,4134.78
lacteos,362.5,2,0.4,10,4.41,3967.35
granos,2100.0,87,0.3152,8,3.59,2800.67
granos,662.5,306,0.8596,12,8.03,3965.03
hortalizas,54.0,2,0.1667,1,1.76,1810.14
hortalizas,250.0,5,0.3846,9,1.92,1732.49
otros,3.0,13,0.65,2,1.99,2419.61
tuberculos,1060.0,18,0.6,7,5.03,1521.93
granos,1120.0,91,0.2661,8,4.64,3818.92
lacteos,650.0,4,0.3333,3,2.38,3283.12
hortalizas,240.0,7,0.7778,3,10.22,2614.58
tuberculos,1350.0,36,0.8,12,29.64,1856.26
lacteos,1000.0,5,0.7143,3,1.22,3284.19
granos,37.0,113,0.4036,7,3.29,3492.43
hortalizas,1400.0,4,0.8,8,1.25,1687.18
lacteos,562.5,7,1.0,12,1.39,4373.89
hortalizas,20.0,1,0.1,8,4.5,1474.24
lacteos,612.5,6,1.0,12,7.68,5341.14
hortalizas,350.0,8,1.0,9,0.46,1797.71
frutas,220.0,4,0.2857,11,6.01,2037.35
lacteos,740.0,7,0.5385,9,11.25,3200.93
otros,2850.0,42,0.9545,10,1.08,2368.07
tuberculos,250.0,27,0.54,11,1.96,1351.15
tuberculos,460.0,39,0.8478,8,3.15,1474.08
lacteos,1900.0,2,0.1667,6,12.01,2865.69
tuberculos,48.0,17,0.3778,6,2.6,1316.37
otros,27.0,10,0.3333,12,2.72,2195.9
frutas,520.0,1,0.1429,3,6.38,2611.08
lacteos,312.5,3,0.5,2,2.05,3871.13
hortalizas,860.0,7,0.875,3,5.29,2556.68
otros,58.0,3,0.1579,6,3.32,1665.11
hortalizas,37.5,4,0.5714,3,5.44,1912.0
granos,1080.0,90,0.6338,9,2.47,2797.21
lacteos,23.0,1,0.1429,10,2.12,3403.48
tuberculos,1850.0,42,0.9333,5,2.39,1174.09
tuberculos,24.0,16,0.5333,11,3.11,1691.15
hortalizas,680.0,4,0.8,1,3.13,2688.66
frutas,2800.0,10,0.5263,3,4.02,2992.41
lacteos,1600.0,2,0.6667,8,4.15,2899.68
otros,25.0,20,0.5882,8,3.7,2447.83
lacteos,900.0,7,0.5,7,1.1,2857.2
lacteos,380.0,7,0.5385,1,1.38,3360.87
lacteos,1750.0,4,0.5714,9,3.1,3480.13
hortalizas,920.0,9,1.0,7,1.17,1607.71
tuberculos,3.0,2,0.05,9,0.63,1092.58
hortalizas,40.0,5,0.5556,12,8.72,2570.99
lacteos,625.0,3,0.6,1,2.24,4235.06
hortalizas,30.0,2,0.1333,5,4.59,1294.78
frutas,200.0,13,0.8667,10,3.36,2263.54
lacteos,2350.0,1,0.1,3,2.43,3341.93
hortalizas,487.5,6,0.6667,2,9.04,2591.33
otros,300.0,26,0.8966,8,8.14,3011.05
frutas,12.5,1,0.1667,1,6.01,2301.39
hortalizas,2900.0,6,1.0,4,3.06,1866.02
granos,400.0,113,0.6141,9,5.84,3533.09
hortalizas,112.5,14,1.0,8,1.21,1887.18
frutas,75.0,3,0.4286,10,1.51,1890.75
tuberculos,820.0,0,0.0,10,3.66,832.54
frutas,437.5,7,1.0,1,5.15,3809.45
hortalizas,27.0,6,0.6,11,4.67,2760.55
granos,60.0,35,0.2966,9,2.57,2873.49
lacteos,29.0,2,0.1667,1,3.95,3749.5
lacteos,200.0,0,0.0,7,7.09,2267.43
frutas,412.5,15,0.7895,5,7.07,3879.82
frutas,2950.0,8,0.5333,5,3.09,2446.24
hortalizas,900.0,3,0.5,2,0.68,1370.17
hortalizas,41.0,3,0.5,4,2.38,1572.13
hortalizas,1500.0,4,0.3077,11,4.07,1776.34
frutas,287.5,5,0.5,2,2.66,2536.25
otros,125.0,21,0.3962,1,2.13,1712.39
lacteos,1050.0,4,0.3636,7,9.2,3499.99
granos,43.0,72,0.4768,7,3.3,3809.09
lacteos,41.0,9,0.6,1,4.91,4845.7
lacteos,140.0,6,1.0,10,2.28,4251.04
otros,440.0,14,0.2745,7,2.51,1851.6
granos,52.0,108,0.5268,2,3.76,3334.1
tuberculos,2550.0,44,0.7719,1,1.64,1213.41
granos,300.0,138,0.6301,3,9.0,4227.54
lacteos,4.0,1,0.2,2,0.99,3326.44
frutas,1200.0,2,0.2857,6,2.37,2083.61
otros,51.0,34,0.8095,12,0.87,2438.08
frutas,450.0,2,0.25,10,1.73,1866.94
frutas,53.0,9,0.5625,8,4.15,1986.78
tuberculos,32.0,13,0.4643,2,0.52,927.49
lacteos,737.5,1,0.0909,4,6.92,3362.06
tuberculos,237.5,49,0.8596,3,1.07,1216.55
hortalizas,150.0,11,0.7857,6,0.33,1464.8
frutas,637.5,5,0.8333,5,2.08,2897.0
granos,1950.0,112,0.7417,4,2.89,3824.19
frutas,112.5,1,0.1667,2,3.62,2766.77
otros,660.0,27,0.871,2,3.5,2232.31
otros,39.0,7,0.4667,12,1.16,2146.36
hortalizas,1150.0,8,0.8,3,2.1,2162.65
otros,260.0,17,0.3036,1,4.65,2483.62
granos,420.0,83,0.2287,12,9.53,2714.39
hortalizas,43.0,11,0.7857,2,2.77,2160.26
hortalizas,360.0,3,0.6,10,3.52,1944.96
frutas,237.5,17,1.0,7,3.57,2683.03
lacteos,700.0,6,0.5,5,3.79,3446.59
tuberculos,12.5,4,0.1818,3,12.09,1116.21
frutas,900.0,5,0.2941,5,1.71,2087.78
otros,1850.0,18,1.0,8,3.92,2829.93
otros,2800.0,2,0.0345,12,3.71,1582.95
granos,312.5,128,0.9209,4,2.19,3611.54
lacteos,700.0,3,1.0,11,0.37,3909.14
frutas,8.0,1,0.0556,12,6.83,2004.72
lacteos,2650.0,3,1.0,5,1.77,3317.43
lacteos,612.5,0,0.0,2,1.78,2584.05
otros,337.5,13,0.4194,11,2.15,2082.94
otros,57.0,8,0.1481,5,1.69,1565.58
lacteos,52.0,6,0.8571,1,1.29,4307.12
hortalizas,45.0,1,0.1667,3,0.42,1395.3
lacteos,1100.0,2,0.6667,9,4.17,3699.44
tuberculos,1140.0,19,0.4872,8,1.62,1521.04
otros,40.0,36,0.8571,6,3.56,2459.53
otros,675.0,13,0.65,10,2.66,2438.11
tuberculos,35.0,36,1.0,3,0.49,1121.79
tuberculos,1050.0,6,0.1071,1,2.3,812.24
hortalizas,55.0,12,1.0,3,3.68,2291.95
tuberculos,500.0,49,0.98,4,1.46,1164.8
otros,820.0,18,0.5,3,2.17,1821.31
tuberculos,2150.0,15,0.75,2,2.02,1093.57
frutas,400.0,8,0.6667,12,2.35,2416.1
hortalizas,137.5,2,0.1667,7,5.94,1375.83
tuberculos,260.0,23,0.451,3,10.97,1378.53
frutas,1700.0,11,1.0,7,1.57,2368.47
hortalizas,1400.0,6,0.75,4,2.78,1470.29
hortalizas,400.0,10,0.6667,3,2.03,1982.3
otros,2150.0,1,0.0312,11,3.48,1383.27
tuberculos,125.0,26,0.7222,12,2.49,1321.38
hortalizas,900.0,0,0.0,10,3.65,1185.96
tuberculos,2400.0,16,0.4103,10,3.69,1282.05
lacteos,2250.0,6,0.8571,9,1.07,3085.04
otros,2850.0,9,0.3214,11,7.58,2329.4
otros,1250.0,27,0.5745,11,1.42,2111.81
otros,45.0,17,1.0,9,4.99,3457.49
lacteos,387.5,3,0.3333,12,5.46,4126.86
hortalizas,880.0,3,0.2727,8,4.01,1417.67
frutas,487.5,12,0.75,9,5.84,2241.67
granos,42.0,189,0.6923,10,2.32,2963.25
granos,450.0,128,0.5517,4,2.28,3360.96
lacteos,59.0,0,0.0,6,3.83,1834.06
tuberculos,12.5,5,0.1064,6,0.99,892.41
tuberculos,700.0,6,0.2069,4,4.91,923.95
lacteos,36.0,1,0.125,9,6.04,3112.44
granos,18.0,119,0.3459,8,2.34,3632.57
frutas,31.0,13,0.8667,7,0.48,2318.69
otros,8.0,1,0.0714,6,0.76,1402.61
lacteos,687.5,2,0.1818,7,0.65,2156.02
frutas,1000.0,4,0.2353,10,3.89,1833.89
tuberculos,1350.0,12,0.2449,9,3.18,1061.09
tuberculos,187.5,24,0.9231,4,3.82,1422.23
tuberculos,48.0,27,0.6585,4,3.79,1331.83
granos,162.5,127,0.8247,2,2.9,3070.93
otros,180.0,5,0.3846,8,1.87,1963.1
granos,38.0,46,0.3932,11,4.75,3192.68
frutas,550.0,8,0.4,9,3.76,1833.96
granos,960.0,215,0.86,1,11.53,3548.85
frutas,220.0,2,0.2,2,1.51,2055.0
frutas,53.0,2,0.1176,4,3.1,2081.94
granos,612.5,198,0.8082,9,7.55,4589.13
granos,1200.0,52,0.2905,2,1.43,2472.77
hortalizas,575.0,1,0.2,1,5.78,1696.88
granos,24.0,157,0.5216,9,1.26,3733.99
granos,2550.0,89,0.489,10,2.03,2501.42
lacteos,725.0,0,0.0,1,6.24,3321.0
tuberculos,800.0,11,0.2619,12,2.23,1015.86
granos,18.0,19,0.0717,12,1.56,2005.5
granos,1400.0,22,0.0767,1,2.89,1735.94
otros,920.0,45,0.7759,4,2.68,1832.03
granos,1550.0,68,0.6355,8,6.88,4209.29
tuberculos,28.0,26,0.52,5,4.57,1388.57
otros,27.0,13,0.619,12,6.1,2345.66
otros,387.5,1,0.027,12,1.19,1387.95
granos,600.0,90,0.4348,1,11.8,3574.67
otros,58.0,3,0.2143,12,3.61,1982.06
otros,650.0,9,0.1837,7,3.51,1716.86
frutas,120.0,9,0.6429,4,2.68,3100.21
granos,44.0,66,0.1953,1,4.51,2575.2
otros,32.0,10,0.2,8,7.26,2765.97
hortalizas,720.0,4,0.5,12,12.38,2741.27
otros,562.5,31,0.5636,9,1.24,1851.41
hortalizas,1350.0,10,0.9091,4,1.64,2147.37
frutas,1450.0,0,0.0,10,5.85,1572.98
hortalizas,800.0,8,0.6154,4,3.8,1633.18
otros,800.0,20,0.9091,2,6.18,2936.96
otros,2850.0,11,0.5,7,5.09,2534.81
lacteos,53.0,7,0.4667,8,4.97,3735.59
granos,1100.0,96,0.3967,6,1.53,3175.22
tuberculos,325.0,11,0.3333,10,0.4,1116.5
hortalizas,320.0,0,0.0,7,1.95,990.76
hortalizas,1140.0,3,0.4286,5,3.2,1400.44
hortalizas,100.0,13,0.8667,4,5.4,2022.31
frutas,700.0,7,1.0,10,2.67,2427.65
hortalizas,42.0,2,0.2857,5,2.92,1351.59
granos,52.0,259,0.8019,1,2.28,3117.27
frutas,8.0,9,0.5294,1,1.17,3019.24
frutas,12.0,15,0.7895,8,7.93,3506.46
tuberculos,10.0,5,0.1429,10,3.4,1197.1
tuberculos,700.0,36,0.6667,5,1.74,988.68
otros,1500.0,25,0.8621,8,3.11,2347.87
otros,400.0,35,0.8974,4,15.49,2353.78
granos,300.0,136,0.6385,3,2.66,3079.59
granos,41.0,65,0.5372,1,0.46,2980.31
otros,18.0,10,0.4,5,11.38,2370.98
lacteos,1000.0,10,0.8333,8,6.99,4731.85
otros,220.0,18,0.4,10,0.7,2310.7
tuberculos,18.0,1,0.0455,10,3.03,1101.97
tuberculos,12.0,24,0.8276,7,2.82,1571.98
otros,1600.0,15,0.2632,12,5.56,2177.98
lacteos,11.0,1,0.0769,8,2.16,2532.2
otros,42.0,4,0.2,11,7.33,3042.03
otros,312.5,56,0.9333,6,2.02,2318.78
hortalizas,50.0,6,0.4615,2,14.74,2153.95
tuberculos,262.5,44,0.9167,10,3.76,1694.31
granos,260.0,73,0.529,5,4.59,3801.62
frutas,375.0,2,0.125,9,8.79,1951.29
granos,262.5,94,0.752,2,2.03,3327.0
tuberculos,400.0,32,0.5926,12,2.07,1288.96
tuberculos,625.0,7,0.1667,12,2.1,856.72
otros,2250.0,5,0.122,2,4.09,1318.18
otros,35.0,6,0.1765,12,0.46,1645.05
granos,2450.0,97,0.306,1,2.13,2128.11
granos,200.0,43,0.4433,2,3.81,3251.58
tuberculos,175.0,23,0.451,8,4.25,1475.8
tuberculos,840.0,18,0.4737,1,4.49,1276.23
frutas,75.0,0,0.0,8,1.73,1174.23
lacteos,80.0,4,0.8,2,11.06,5825.22
frutas,2800.0,0,0.0,5,9.19,1871.57
frutas,41.0,0,0.0,3,9.57,2439.54
lacteos,44.0,3,0.75,10,4.68,4261.58
frutas,600.0,7,0.7,7,8.49,3065.03
hortalizas,180.0,9,1.0,1,2.1,2411.63
tuberculos,425.0,35,0.9459,11,2.58,1666.72
lacteos,487.5,5,0.7143,5,5.17,3679.39
granos,1800.0,90,0.36,7,5.48,3718.75
hortalizas,200.0,6,0.8571,5,2.91,1689.52
frutas,537.5,12,0.75,7,2.04,1963.48
otros,23.0,12,0.6667,9,0.98,2481.44
hortalizas,100.0,8,1.0,2,5.04,2795.4
frutas,660.0,4,0.5,2,3.11,2591.99
frutas,250.0,8,1.0,1,0.78,2763.27
lacteos,462.5,2,0.1429,2,1.67,3225.9
frutas,2250.0,12,0.9231,6,1.89,2639.84
granos,820.0,171,0.6552,3,6.07,3916.51
lacteos,250.0,0,0.0,7,1.12,1506.85
hortalizas,800.0,2,0.2857,8,2.5,1258.68
otros,700.0,35,0.5833,7,2.52,2054.43
otros,262.5,16,0.8,3,3.81,2088.13
tuberculos,120.0,51,0.9107,11,7.25,2175.4
otros,34.0,10,0.625,4,4.95,2243.37
granos,1.0,149,0.4901,4,6.7,4770.53
granos,52.0,7,0.0693,1,4.17,2392.26
frutas,500.0,1,0.0714,4,1.78,1942.77
otros,225.0,13,0.4194,4,13.42,1981.55
hortalizas,18.0,5,1.0,2,0.91,2152.2
otros,360.0,33,0.6346,10,14.14,3000.25
otros,2350.0,41,0.7455,9,7.89,2921.16
hortalizas,300.0,2,0.4,2,2.74,1891.02
tuberculos,625.0,31,0.5254,3,2.63,993.75
granos,52.0,173,0.6528,7,4.38,4552.1
granos,59.0,280,0.8235,9,2.75,3725.2
tuberculos,42.0,24,0.6316,1,4.12,1540.67
otros,262.5,51,0.9808,12,2.63,2726.27
lacteos,38.0,0,0.0,11,2.69,3067.62
otros,11.0,0,0.0,6,0.64,1346.95
frutas,20.0,7,0.5833,8,11.71,3102.21
hortalizas,2750.0,1,0.1429,4,1.17,1105.38
otros,16.0,26,0.9286,7,3.41,3161.14
frutas,100.0,5,0.3846,5,5.44,3107.91
tuberculos,980.0,28,0.4746,6,7.91,1270.9
frutas,650.0,8,0.6667,4,4.52,3068.77
hortalizas,25.0,1,0.1667,11,4.44,1729.43
otros,500.0,2,0.1538,1,5.47,2070.48
hortalizas,49.0,3,0.3,7,3.67,1357.91
frutas,9.0,3,0.25,6,6.56,2598.67
hortalizas,8.0,5,1.0,9,1.99,2211.95
lacteos,56.0,9,0.75,2,5.87,5797.32
tuberculos,200.0,24,0.5217,12,1.82,1198.67
otros,450.0,13,0.8667,11,2.7,2665.55
frutas,11.0,18,0.9,10,1.73,3030.24
granos,387.5,62,0.2967,6,2.59,2984.91
granos,2750.0,114,0.6552,3,3.31,3236.13
tuberculos,212.5,22,0.4231,10,1.01,1254.1
hortalizas,8.0,7,0.7,11,0.62,2221.31
otros,2550.0,21,0.5676,11,2.44,2211.78
otros,1500.0,7,0.5833,2,0.65,1799.91
tuberculos,59.0,8,0.3478,11,9.3,1799.93
frutas,662.5,4,0.2105,11,5.65,2370.88
granos,1180.0,44,0.1415,4,1.0,2399.24
hortalizas,18.0,0,0.0,12,4.96,1644.01
frutas,320.0,12,0.6,9,2.52,2011.98
tuberculos,2850.0,10,0.2857,9,3.95,1253.96
otros,50.0,6,0.1111,1,1.87,1690.62
otros,37.5,43,0.8431,12,7.96,3160.53
tuberculos,700.0,30,0.9677,8,2.83,1480.82
hortalizas,600.0,13,1.0,7,4.08,1939.08
otros,980.0,7,0.5385,6,7.38,2240.47
granos,550.0,254,0.9732,1,2.12,2826.97
lacteos,40.0,7,0.6364,12,3.56,4747.4
hortalizas,900.0,2,0.2,9,2.48,1620.26
tuberculos,1000.0,20,1.0,8,6.1,2440.28
otros,2600.0,2,0.2222,9,1.32,1856.67
otros,340.0,4,0.2667,12,5.12,2006.0
frutas,225.0,1,0.2,11,3.79,1813.12
frutas,4.0,5,0.4545,3,3.93,3254.97
otros,412.5,12,1.0,10,2.54,2858.26
lacteos,35.0,4,0.5714,12,10.08,4974.64
otros,2900.0,2,0.0513,12,2.22,1535.11
lacteos,460.0,5,0.5,8,7.49,3473.9
granos,18.0,23,0.1565,7,1.16,2560.23
hortalizas,7.0,9,0.9,3,3.84,2858.95
frutas,59.0,10,1.0,7,1.32,2818.41
otros,450.0,4,0.5714,2,1.6,1993.43
hortalizas,400.0,4,0.6667,3,5.84,2031.31
granos,2350.0,70,0.6034,2,4.42,3380.21
otros,45.0,31,0.5439,3,6.39,2292.82
hortalizas,7.0,3,0.25,8,3.43,1351.36
granos,12.0,6,0.0256,9,0.53,2231.76
lacteos,940.0,0,0.0,8,1.91,1851.1
tuberculos,800.0,4,0.0741,7,3.09,918.64
granos,2550.0,238,0.9049,7,3.33,4403.26
lacteos,2650.0,4,0.8,8,2.35,3584.77
granos,1020.0,27,0.1598,12,2.05,2080.61
granos,2800.0,45,0.2093,4,4.36,3236.25
frutas,650.0,1,0.0667,5,3.89,2059.69
lacteos,187.5,11,0.7857,6,7.29,3770.54
hortalizas,620.0,2,0.2222,9,3.57,1702.73
lacteos,15.0,6,0.6,2,3.24,4387.95
lacteos,850.0,1,0.1667,3,3.67,3046.9
granos,400.0,43,0.3139,4,2.54,2798.56
lacteos,14.0,4,0.4,1,4.23,4961.1
tuberculos,2750.0,16,0.6957,9,4.25,1614.96
lacteos,1040.0,4,0.4444,4,2.54,3358.93
lacteos,160.0,0,0.0,2,2.51,2674.24
tuberculos,58.0,2,0.0556,3,1.81,710.34
tuberculos,1140.0,17,0.34,10,2.17,1096.68
otros,50.0,1,0.0256,8,6.06,1926.89
otros,380.0,6,0.3333,3,2.29,1603.76
lacteos,1.0,4,0.5714,7,4.26,3831.9
hortalizas,150.0,1,0.0714,10,5.71,1592.71
granos,1150.0,44,0.3548,10,3.72,2371.82
tuberculos,780.0,17,0.4595,11,4.35,1320.92
otros,120.0,3,0.1429,4,6.29,2034.53
lacteos,50.0,4,0.5714,7,2.06,3200.43
granos,760.0,141,0.4196,6,4.17,3645.78
tuberculos,350.0,28,0.8235,7,0.43,1298.17
granos,6.0,219,0.9522,12,2.07,3596.16
lacteos,1200.0,3,0.4286,1,0.44,3114.02
hortalizas,12.5,6,0.5455,12,3.43,2175.33
lacteos,50.0,12,0.8,7,2.4,3820.73
hortalizas,1120.0,7,0.6364,7,4.96,1701.0
tuberculos,580.0,18,0.4865,4,9.23,1330.58
tuberculos,1550.0,19,0.5588,3,1.22,862.18
lacteos,1020.0,3,1.0,6,2.0,3439.72
granos,440.0,266,0.8313,8,0.59,3379.22
otros,720.0,5,0.3333,3,3.37,1610.69
granos,362.5,268,0.7571,9,1.3,3037.82
frutas,16.0,3,0.3333,6,2.48,2364.7
tuberculos,380.0,46,0.7931,11,8.32,1827.58
hortalizas,920.0,3,0.25,5,2.96,1284.56
frutas,737.5,11,0.8462,5,6.72,3404.8
frutas,200.0,3,0.375,7,8.33,2505.06
hortalizas,500.0,5,1.0,11,2.18,2288.18
hortalizas,450.0,4,0.2857,10,0.6,1444.72
otros,362.5,17,0.6296,5,6.55,2267.02
hortalizas,212.5,11,1.0,7,10.73,2334.86
frutas,750.0,4,0.3636,3,0.84,2550.36
lacteos,137.5,11,0.7857,11,1.77,4454.18
lacteos,1180.0,7,0.5833,10,4.18,3488.49
lacteos,47.0,1,0.125,4,5.42,3164.63
frutas,59.0,2,0.1818,7,3.28,2337.33
tuberculos,24.0,25,0.9615,10,3.56,1594.71
tuberculos,280.0,27,0.4576,8,1.04,1380.57
lacteos,2350.0,0,0.0,6,3.85,2307.52
lacteos,1700.0,3,0.375,6,1.48,2512.49
otros,562.5,18,0.4,1,8.31,2712.82
hortalizas,1150.0,3,0.3,12,4.6,1880.29
hortalizas,575.0,0,0.0,12,2.69,1382.37
tuberculos,600.0,34,0.5965,11,6.73,1787.96
hortalizas,2550.0,1,0.1111,12,1.96,1185.5
frutas,31.0,1,0.0909,11,4.03,1923.64
otros,200.0,4,0.125,5,1.75,1425.11
lacteos,1000.0,0,0.0,11,4.9,2774.59
hortalizas,650.0,8,0.5714,9,19.46,1861.08
frutas,420.0,8,0.8889,7,5.5,2799.8
tuberculos,180.0,37,0.8605,5,2.23,1383.62
granos,225.0,73,0.4424,11,1.18,2538.77
granos,500.0,201,0.6814,9,1.96,2641.77
granos,38.0,255,0.9011,5,1.42,3846.5
lacteos,200.0,3,0.2308,4,12.29,4317.11
hortalizas,2150.0,9,0.9,10,9.09,2201.45
lacteos,2400.0,5,0.3846,4,5.87,3405.43
hortalizas,2750.0,8,0.8889,11,1.18,2025.24
tuberculos,300.0,28,0.5,10,4.79,1638.75
hortalizas,1900.0,6,0.5455,11,3.06,1931.57
frutas,57.0,2,0.1,3,4.12,2346.97
otros,225.0,13,0.619,4,3.48,2176.01
otros,400.0,2,0.2857,4,8.41,1935.59
granos,45.0,274,0.7654,4,4.33,4600.65
granos,720.0,58,0.3867,3,5.23,3585.26
granos,2850.0,92,0.3665,1,1.62,2480.75
otros,237.5,13,0.6842,8,0.94,2213.64
frutas,200.0,1,0.0833,3,11.07,2848.84
lacteos,48.0,12,0.8,6,1.45,3128.06
hortalizas,43.0,5,0.4545,1,1.56,1969.68
hortalizas,600.0,5,0.3571,7,4.17,1458.34
frutas,675.0,4,0.2,9,6.6,2007.36
lacteos,150.0,8,1.0,3,8.66,6008.97
otros,1100.0,6,0.4,2,1.19,1609.56
tuberculos,850.0,14,0.3784,11,2.26,1185.88
hortalizas,8.0,7,0.7778,7,1.84,1798.58
granos,640.0,61,0.3675,6,2.9,3448.67
otros,42.0,18,0.6667,3,2.6,1961.08
tuberculos,1000.0,6,0.2609,9,9.42,1494.01
otros,460.0,33,0.75,5,7.84,2169.91
hortalizas,1160.0,5,0.8333,3,0.85,1558.27
granos,26.0,84,0.8485,2,2.3,3875.69
otros,2150.0,3,0.1,4,4.82,1456.09
otros,19.0,17,0.6296,11,6.93,3326.01
frutas,2650.0,10,0.5882,2,5.72,2970.33
granos,21.0,42,0.118,6,4.33,3570.36
tuberculos,375.0,19,0.4419,10,3.34,1461.57
granos,2650.0,292,0.8614,5,1.88,3872.63
granos,125.0,173,0.8278,8,2.51,3584.51
lacteos,1550.0,6,0.75,2,4.92,4346.96
tuberculos,637.5,36,1.0,1,1.65,1328.0
granos,2900.0,226,0.6726,3,4.37,3256.97
tuberculos,40.0,13,0.2653,4,3.59,1122.27
hortalizas,612.5,11,0.7857,8,3.45,1704.63
frutas,56.0,0,0.0,10,2.47,1217.01
hortalizas,375.0,9,0.6923,3,4.32,1970.33
hortalizas,48.0,15,1.0,6,0.68,1653.76
hortalizas,537.5,12,1.0,9,6.46,2394.6
otros,45.0,39,0.8125,9,10.91,3017.69
otros,49.0,4,0.0976,3,0.57,1459.84
granos,50.0,63,0.2258,9,4.45,3131.56
granos,1650.0,99,0.4008,3,4.47,2943.71
hortalizas,2300.0,8,0.8889,8,2.04,1750.46
otros,38.0,20,0.4762,3,4.47,2171.61
otros,26.0,4,0.5,1,2.48,2309.32
tuberculos,41.0,46,0.8519,6,2.88,1738.79
lacteos,1050.0,1,0.1667,9,5.63,2758.52
lacteos,60.0,4,1.0,9,2.94,4009.24
tuberculos,240.0,11,0.2391,3,1.4,666.64
granos,675.0,0,0.0,11,11.37,2215.76
tuberculos,2550.0,14,0.6364,12,6.34,1501.81
lacteos,400.0,11,1.0,8,2.54,3298.24
otros,425.0,7,0.3043,3,4.83,1794.13
granos,340.0,233,0.6657,3,4.86,3402.54
lacteos,687.5,2,0.2,11,9.36,3690.03
granos,940.0,290,0.8215,10,7.74,3997.33
frutas,2150.0,6,1.0,7,4.48,2893.14
lacteos,2.0,5,0.8333,6,1.82,4014.74
lacteos,520.0,1,0.3333,2,2.88,3269.93
lacteos,500.0,0,0.0,9,2.77,2086.41
frutas,100.0,9,1.0,12,6.15,3985.19
frutas,22.0,1,0.0833,8,7.9,2117.45
otros,237.5,15,0.3125,6,2.36,1801.33
hortalizas,237.5,1,0.0769,8,1.93,1325.98
granos,320.0,73,0.2409,2,4.65,2837.22
granos,2750.0,139,0.594,9,8.71,3519.78
otros,940.0,40,0.7407,3,2.26,1769.01
lacteos,475.0,1,0.3333,5,4.09,2969.76
hortalizas,1650.0,5,0.625,5,4.44,1608.74
frutas,2650.0,6,0.3,12,4.89,2314.61
frutas,475.0,11,0.6875,3,5.34,3065.7
otros,2800.0,8,0.5333,9,2.87,2232.81
otros,1400.0,4,0.0976,8,7.53,1921.53
frutas,440.0,3,0.3333,11,4.2,2558.2
lacteos,2550.0,7,0.875,1,6.2,5098.52
granos,500.0,97,0.3619,10,2.85,3038.36
hortalizas,1120.0,5,1.0,2,16.21,2904.53
tuberculos,437.5,13,0.3095,12,6.13,1238.69
otros,1750.0,12,0.9231,11,1.84,2654.19
tuberculos,1000.0,13,0.3611,3,1.98,1003.28
tuberculos,46.0,28,0.4912,9,2.22,1524.27
hortalizas,1100.0,4,0.6667,6,4.22,1597.51
granos,36.0,23,0.0913,3,2.2,2723.81
tuberculos,2950.0,27,0.6585,3,1.79,964.41
granos,2700.0,229,0.9703,1,4.95,3095.55
hortalizas,200.0,11,0.9167,2,1.63,2501.93
lacteos,262.5,0,0.0,9,0.48,1735.35
frutas,75.0,4,0.2667,9,3.11,1807.24
tuberculos,2550.0,6,0.1333,10,2.02,1058.44
lacteos,325.0,3,0.4286,12,3.7,4022.98
granos,400.0,125,0.6579,12,4.45,3029.71
granos,662.5,5,0.0505,5,3.18,2841.36
otros,57.0,39,0.78,6,1.35,2139.03
otros,12.5,20,0.4444,4,6.88,2323.09
tuberculos,1020.0,8,0.2667,1,1.87,837.33
lacteos,6.0,7,0.5385,5,5.9,4756.16
tuberculos,160.0,1,0.0238,10,2.9,1032.05
granos,350.0,213,0.7918,2,7.04,4400.14
frutas,150.0,10,0.6667,1,11.02,3599.81
hortalizas,1050.0,4,0.8,1,1.88,2359.03
granos,25.0,18,0.1935,6,3.67,3461.34
hortalizas,29.0,7,0.875,8,3.45,2376.06
tuberculos,120.0,41,0.8039,2,8.53,1649.21
lacteos,120.0,7,0.7,3,2.56,4537.46
hortalizas,450.0,8,1.0,1,1.5,2039.67
hortalizas,5.0,7,0.6364,3,9.22,3001.72
tuberculos,250.0,21,0.84,9,6.53,1830.04
granos,400.0,198,0.7674,3,1.02,2772.79
hortalizas,737.5,2,0.1667,2,2.43,1415.57
lacteos,750.0,2,0.6667,4,1.99,3796.25
otros,37.5,8,0.2105,9,2.94,1976.88
lacteos,19.0,3,0.25,10,2.28,3325.97
tuberculos,850.0,1,0.0208,10,9.33,1463.64
tuberculos,23.0,22,0.6471,11,5.52,1698.88
frutas,20.0,6,1.0,8,4.84,3185.74
otros,562.5,25,0.9259,8,3.74,2644.66
otros,362.5,28,0.6829,5,12.99,2361.02
otros,200.0,13,0.6842,3,1.76,1635.81
otros,25.0,8,0.1667,3,5.24,1679.3
lacteos,487.5,7,0.5385,5,4.55,3827.54
tuberculos,640.0,14,0.6087,1,2.93,1163.64
frutas,550.0,0,0.0,11,4.39,1528.47
frutas,27.0,3,0.25,6,11.36,2909.05
granos,37.5,30,0.1056,4,9.56,3632.61
lacteos,800.0,3,0.4286,4,6.73,4158.42
granos,250.0,120,0.3343,9,4.27,3040.47
tuberculos,1500.0,12,0.2034,9,5.14,1151.91
tuberculos,550.0,44,0.88,7,2.84,1506.18
tuberculos,900.0,16,0.3265,8,6.57,1767.44
frutas,12.5,9,0.9,11,4.71,3290.02
granos,60.0,39,0.2108,11,5.14,2899.06
lacteos,637.5,3,0.2143,2,4.26,4047.11
otros,212.5,15,0.9375,12,2.34,2681.77
hortalizas,260.0,4,0.5,10,1.72,1761.61
hortalizas,43.0,6,0.4286,5,8.39,1938.37
hortalizas,520.0,11,0.9167,9,3.47,2140.1
hortalizas,1020.0,4,0.3636,6,1.37,1394.28
hortalizas,860.0,4,0.8,1,3.71,2076.66
hortalizas,4.0,1,0.0714,7,4.73,1451.98
lacteos,2850.0,2,0.2857,12,8.48,4058.82
granos,880.0,17,0.0694,11,1.67,1873.3
otros,387.5,4,0.3077,12,4.96,2231.82
hortalizas,1000.0,10,0.8333,10,3.9,2122.88
otros,50.0,51,0.9444,8,6.05,2851.03
lacteos,2100.0,9,0.75,2,0.16,3725.6
tuberculos,262.5,32,0.6275,10,3.86,1534.23
frutas,112.5,6,0.4615,8,8.78,2794.13
hortalizas,2700.0,15,1.0,8,1.67,1702.94
hortalizas,1550.0,4,0.4444,1,1.25,1528.68
otros,700.0,17,0.8947,11,1.33,2154.95
granos,52.0,182,0.5337,7,2.17,3320.03
hortalizas,100.0,3,0.3333,7,4.16,1364.63
granos,880.0,122,0.4959,3,1.57,2721.03
lacteos,880.0,1,0.3333,7,2.16,2333.93
lacteos,480.0,0,0.0,5,7.06,2772.11
hortalizas,137.5,4,0.4444,2,1.47,1640.29
tuberculos,17.0,33,0.569,12,1.72,1512.52
lacteos,700.0,0,0.0,5,3.18,2024.67
hortalizas,1400.0,3,0.3333,3,1.26,1250.36
hortalizas,550.0,3,0.25,9,3.17,1612.02
otros,375.0,52,0.9455,1,1.93,2547.77
frutas,1100.0,12,0.7059,8,7.75,2658.19
otros,55.0,36,0.7059,3,8.71,2514.75
otros,2450.0,12,0.5217,10,1.0,2042.63
tuberculos,57.0,12,0.2727,5,8.37,1319.18
tuberculos,512.5,28,0.5091,10,3.39,1732.28
frutas,325.0,4,0.2667,6,2.69,2131.15
granos,29.0,131,0.5746,8,5.5,4326.13
hortalizas,562.5,6,0.75,9,3.47,1931.92
lacteos,350.0,3,0.2143,7,2.09,2582.09
hortalizas,300.0,4,0.3636,4,0.43,1178.69
tuberculos,80.0,28,0.4746,12,1.73,1293.65
lacteos,960.0,1,0.25,2,5.93,3308.6
hortalizas,50.0,2,0.2857,3,1.45,1872.57
granos,29.0,76,0.4691,1,0.8,2655.85
frutas,325.0,6,1.0,10,6.37,3303.04
otros,10.0,15,0.2778,10,1.78,2272.65
hortalizas,44.0,4,0.3077,2,4.26,1855.21
tuberculos,2700.0,35,0.9722,2,9.93,1585.53
lacteos,48.0,3,0.6,3,4.8,5253.48
hortalizas,1550.0,5,0.7143,5,1.75,1466.4
hortalizas,620.0,9,0.8182,5,0.67,1428.54
tuberculos,47.0,14,0.28,6,1.08,983.71
tuberculos,58.0,10,0.303,12,1.38,1054.85
hortalizas,325.0,11,1.0,11,1.16,2079.72
frutas,15.0,8,1.0,8,1.58,2367.5
frutas,920.0,0,0.0,7,2.39,1244.11
frutas,200.0,1,0.0909,6,2.5,1751.48
otros,300.0,9,0.1636,2,4.37,1869.21
otros,662.5,33,0.7674,11,10.7,3222.56
frutas,880.0,3,0.2,10,5.78,2055.19
frutas,49.0,9,0.4737,12,1.92,2623.71
otros,14.0,39,0.6724,5,10.77,2767.6
hortalizas,780.0,0,0.0,2,1.68,1246.74
granos,39.0,44,0.1699,6,3.56,3408.44
tuberculos,120.0,8,0.2857,10,3.07,1294.24
granos,50.0,33,0.1941,2,1.24,2401.31
granos,9.0,111,0.7115,5,1.98,3742.62
frutas,1450.0,6,0.3529,3,3.69,2319.54
hortalizas,59.0,1,0.125,8,7.03,1652.0
tuberculos,75.0,32,0.8,11,1.58,1514.82
hortalizas,2950.0,13,1.0,12,5.41,2570.73
tuberculos,1500.0,3,0.0882,12,7.84,1254.56
frutas,312.5,7,0.4375,11,10.16,2477.22
tuberculos,250.0,21,0.3684,4,4.0,1013.06
lacteos,820.0,4,0.8,10,1.53,3831.81
tuberculos,2250.0,9,0.1915,10,5.16,1170.99
granos,9.0,74,0.2222,2,1.83,2655.13
granos,240.0,160,0.5926,7,2.31,3792.32
tuberculos,250.0,16,0.6667,2,1.63,1109.12
frutas,380.0,3,0.5,2,0.14,2433.01
tuberculos,15.0,37,0.7551,11,4.42,1833.27
frutas,362.5,2,0.125,5,5.31,2106.43
tuberculos,1000.0,0,0.0,3,4.52,782.1
hortalizas,725.0,3,0.5,2,9.16,2167.08
frutas,34.0,6,0.4286,10,6.04,2447.17
frutas,2200.0,2,0.2857,9,5.62,2005.44
tuberculos,160.0,5,0.1613,12,1.6,1001.63
tuberculos,2200.0,14,0.5833,1,6.98,1523.44
tuberculos,23.0,25,0.625,7,1.36,1504.67
otros,1900.0,24,0.9231,9,5.67,3219.22
otros,1250.0,42,1.0,7,0.19,2264.86
lacteos,22.0,9,0.6,11,8.06,5957.11
lacteos,262.5,7,0.7778,1,3.37,4728.7
granos,1300.0,150,0.5051,4,5.23,3329.89
hortalizas,11.0,10,1.0,3,0.43,2208.21
frutas,33.0,9,0.6,4,3.51,3032.06
granos,950.0,65,0.7222,6,2.75,3651.07
granos,1650.0,11,0.0591,8,2.75,2210.43
otros,2550.0,5,0.625,6,10.09,2146.86
hortalizas,39.0,6,0.5455,5,3.74,1978.87
hortalizas,940.0,11,0.8462,3,7.77,2370.73
hortalizas,450.0,2,0.2222,9,5.01,1835.4
lacteos,1500.0,9,0.8182,4,3.95,4017.14
tuberculos,880.0,40,0.7143,12,5.63,1429.68
frutas,29.0,1,0.0909,5,0.66,1996.56
frutas,800.0,6,0.8571,10,8.47,2730.59
hortalizas,980.0,8,0.6154,4,5.31,1524.54
hortalizas,1600.0,12,0.9231,10,1.93,1952.04
hortalizas,25.0,2,0.1667,10,7.45,1775.25
otros,960.0,5,0.2083,1,3.05,1658.14
frutas,580.0,4,0.5714,1,0.26,2281.45
frutas,1.0,6,0.5455,10,3.31,2418.45
lacteos,187.5,6,1.0,12,8.53,5759.05
frutas,740.0,12,0.7059,10,4.09,2146.5
frutas,380.0,2,0.3333,12,2.48,2177.76
otros,250.0,5,0.4167,12,1.09,2186.32
frutas,487.5,7,0.6364,9,11.15,2334.48
frutas,462.5,0,0.0,9,15.26,1532.78
otros,340.0,16,0.3404,3,1.52,1424.77
frutas,187.5,5,0.25,7,2.63,1860.76
otros,675.0,39,0.78,12,0.3,2315.85
otros,1060.0,23,0.6571,8,1.7,2071.79
frutas,1050.0,4,0.25,5,1.54,2184.65
lacteos,387.5,3,0.5,1,5.1,4212.3
hortalizas,350.0,10,0.6667,7,3.64,1682.95
tuberculos,112.5,55,1.0,9,8.29,2397.9
lacteos,200.0,2,0.5,11,5.24,4081.11
hortalizas,15.0,5,0.5556,8,0.38,1459.72
lacteos,400.0,1,0.3333,4,5.21,3245.06
tuberculos,160.0,41,0.7321,3,3.8,1178.98
frutas,13.0,1,0.0625,11,8.72,2262.73
granos,2400.0,326,0.9006,10,1.77,2878.41
tuberculos,150.0,27,0.9643,8,0.97,1499.95
tuberculos,250.0,23,0.451,6,2.62,1204.41
granos,650.0,81,0.4551,8,0.87,2598.39
otros,2400.0,20,0.3704,2,1.21,1441.46
otros,48.0,1,0.0256,9,3.04,1979.85
frutas,2300.0,15,0.9375,8,4.65,2454.33
frutas,87.5,7,0.7,3,1.87,2733.7
granos,340.0,121,0.5874,11,3.93,2621.67
tuberculos,200.0,0,0.0,11,4.43,994.42
frutas,387.5,2,0.3333,1,2.9,2673.02
tuberculos,41.0,48,0.8276,8,2.13,1702.4
otros,2850.0,58,0.9667,10,3.93,2759.38
tuberculos,950.0,28,0.5283,8,4.56,1618.01
otros,625.0,12,1.0,8,1.49,2416.36
frutas,30.0,2,0.1111,3,0.88,2097.74
granos,40.0,134,0.7571,12,1.73,2835.33
frutas,337.5,1,0.1429,6,8.76,2513.92
granos,280.0,76,0.2846,1,8.06,3019.18
frutas,26.0,6,0.3158,9,0.98,1729.43
tuberculos,1120.0,4,0.0727,9,3.04,1044.46
granos,52.0,108,0.4758,12,1.96,2555.88
hortalizas,850.0,10,0.9091,2,5.0,2367.66
lacteos,15.0,9,0.75,3,2.96,4076.4
tuberculos,200.0,10,0.1961,3,1.97,910.84
frutas,500.0,5,0.2632,8,2.39,1795.07
tuberculos,1900.0,28,0.6512,12,9.69,1554.74
lacteos,5.0,1,0.1667,8,2.43,2546.33
otros,300.0,15,0.4839,8,0.82,1830.73
lacteos,59.0,8,0.5333,3,4.6,4312.99
otros,750.0,14,0.9333,7,5.99,2610.73
lacteos,24.0,5,0.3333,8,2.26,2681.24
otros,1550.0,7,0.28,6,2.33,1508.88
otros,52.0,9,0.8182,12,1.85,2665.7
lacteos,325.0,9,0.75,6,1.4,3180.67
lacteos,52.0,4,0.8,9,6.14,4079.43
otros,300.0,14,0.3043,8,2.28,1976.15
frutas,460.0,1,0.0833,10,0.95,1434.11
granos,18.0,226,0.6933,4,2.75,3699.12
granos,2.0,172,0.7644,4,6.45,5020.31
hortalizas,720.0,1,0.125,10,6.25,1780.92
granos,700.0,170,0.5965,12,5.04,3109.07
otros,2400.0,21,0.7241,3,1.09,1577.91
frutas,14.0,9,0.45,10,2.17,2262.27
otros,137.5,6,0.2,4,1.68,1416.91
lacteos,40.0,2,0.2857,1,1.49,3355.87
frutas,1120.0,5,0.2778,7,2.61,1930.3
frutas,687.5,6,0.6667,12,2.53,2389.02
granos,400.0,1,0.0057,1,2.8,1600.33
granos,12.5,15,0.0682,5,13.41,3810.37
frutas,880.0,9,0.5625,11,6.34,2759.76
tuberculos,47.0,18,0.3158,5,2.35,1097.59
lacteos,50.0,7,0.4667,3,1.48,3601.87
frutas,537.5,7,0.7778,6,2.14,2538.74
lacteos,687.5,3,0.6,9,7.54,4258.57
hortalizas,1100.0,14,0.9333,5,1.91,1859.44
otros,1.0,18,1.0,3,7.17,3291.04
granos,450.0,119,0.9754,6,5.65,4917.77
frutas,920.0,6,0.3158,12,4.44,1892.0
otros,29.0,9,0.6429,1,2.9,2473.14
lacteos,200.0,2,0.5,1,7.1,5114.64
frutas,100.0,0,0.0,12,4.9,1700.22
otros,22.0,9,1.0,2,6.77,2805.1
tuberculos,450.0,4,0.1481,1,0.47,924.38
lacteos,450.0,3,0.3,4,0.54,2539.68
granos,437.5,150,0.6173,9,0.84,2738.08
tuberculos,1300.0,25,0.7576,1,0.5,990.32
tuberculos,2350.0,10,0.5,8,3.81,1403.82
granos,19.0,193,0.7814,7,3.93,4301.15
otros,460.0,5,0.1667,11,8.8,2370.55
otros,35.0,34,0.6415,6,10.47,2498.18
tuberculos,58.0,5,0.125,12,5.33,1067.13
frutas,562.5,2,0.4,5,4.09,2581.19
frutas,45.0,17,0.9444,9,8.36,3415.6
granos,1050.0,88,0.6875,2,7.67,4113.08
granos,140.0,296,0.8836,1,6.73,3707.09
otros,100.0,16,1.0,11,3.89,3008.47
tuberculos,57.0,4,0.16,12,1.66,895.22
tuberculos,600.0,19,0.3585,6,11.46,1317.98
hortalizas,22.0,3,0.3,7,3.75,1528.11
granos,600.0,157,0.7548,2,2.21,3034.16
lacteos,2650.0,2,0.4,6,5.46,3038.78
frutas,687.5,8,0.6154,12,4.01,2629.94
granos,500.0,241,0.713,1,9.4,3453.73
lacteos,700.0,3,0.2308,3,15.17,3633.89
frutas,650.0,6,0.4286,2,7.95,3799.62
hortalizas,1080.0,12,0.8,9,7.47,2288.81
frutas,14.0,4,0.3077,7,7.02,2686.76
tuberculos,13.0,17,0.3778,6,2.26,1322.44
frutas,487.5,5,1.0,4,3.19,3449.94
tuberculos,237.5,11,0.2157,7,2.71,1057.16
tuberculos,687.5,15,0.2679,4,4.1,998.96
tuberculos,287.5,0,0.0,5,2.61,787.69
tuberculos,640.0,6,0.1304,2,4.7,853.74
hortalizas,675.0,4,0.2667,11,0.26,1380.73
frutas,100.0,5,0.625,8,8.67,2849.32
frutas,40.0,11,0.9167,1,2.51,2781.49
otros,1850.0,12,0.3333,11,2.36,1910.96
frutas,437.5,0,0.0,4,4.46,2110.12
hortalizas,1100.0,0,0.0,8,6.46,1166.69
tuberculos,2000.0,12,0.3077,6,3.52,1180.06
otros,612.5,26,0.6667,9,3.4,3008.6
frutas,1020.0,1,0.2,3,6.19,2888.7
frutas,262.5,0,0.0,12,5.6,1781.38
lacteos,23.0,2,0.1429,10,1.29,2871.98
frutas,25.0,0,0.0,4,4.09,1909.18
otros,51.0,27,0.8438,9,6.07,3370.66
lacteos,362.5,2,0.2857,11,2.7,3099.17
lacteos,2300.0,2,0.1667,12,8.07,3834.06
otros,12.0,29,0.5918,12,2.92,2898.01
lacteos,1050.0,0,0.0,5,2.25,2137.73
otros,460.0,4,0.2222,12,3.27,1649.61
lacteos,2250.0,2,0.6667,8,5.54,3789.49
tuberculos,560.0,7,0.1346,4,9.41,1069.93
hortalizas,687.5,7,0.5385,10,4.22,2117.09
granos,450.0,107,0.8843,2,2.2,2856.89
hortalizas,750.0,6,0.5455,7,0.18,1400.79
tuberculos,1140.0,6,0.2308,1,0.91,835.65
otros,4.0,8,0.7273,1,1.94,2708.87
tuberculos,37.5,8,0.1429,2,5.15,1008.45
tuberculos,600.0,20,0.8333,6,1.05,1253.93
frutas,712.5,6,0.5,6,6.21,3174.2
hortalizas,580.0,3,0.2727,12,0.9,1740.32
frutas,462.5,11,0.8462,1,3.19,3159.32
otros,660.0,11,0.3235,9,2.35,2034.72
granos,1800.0,65,0.625,9,4.24,3500.04
tuberculos,56.0,9,0.2727,1,0.57,936.51
hortalizas,7.0,5,0.3571,10,0.54,1607.68
frutas,1000.0,3,0.15,7,3.67,1760.63
otros,1200.0,8,0.4211,5,2.07,1692.43
tuberculos,550.0,31,0.6458,3,3.22,1139.45
frutas,700.0,1,0.1667,4,2.45,2463.86
frutas,36.0,4,0.4,8,1.47,1994.35
lacteos,400.0,4,0.2857,10,4.57,3212.8
tuberculos,35.0,16,0.3404,9,2.62,1747.97
hortalizas,3.0,4,0.8,2,2.67,2583.72
frutas,700.0,1,0.0909,10,3.9,1828.49
otros,87.5,6,0.2308,9,2.51,1889.95
otros,1180.0,18,0.8182,12,4.31,2857.73
lacteos,41.0,8,0.8889,10,4.89,4760.01
hortalizas,45.0,1,0.1111,12,7.72,2113.69
hortalizas,1550.0,3,0.5,8,11.73,1766.0
frutas,16.0,14,0.7368,5,3.81,2909.04
lacteos,1160.0,0,0.0,5,2.51,1802.91
granos,637.5,2,0.0077,10,6.08,2244.39
lacteos,40.0,9,0.75,10,4.81,3671.63
lacteos,35.0,5,0.625,3,2.38,4116.54
tuberculos,55.0,22,0.9565,8,0.42,1438.64
otros,1650.0,15,0.4688,7,2.34,1753.74
granos,31.0,232,0.9667,2,2.46,3638.97
frutas,8.0,3,0.3,8,3.62,2298.2
granos,1180.0,136,0.6507,3,3.39,3769.99
granos,350.0,67,0.2839,6,3.9,3298.88
hortalizas,1040.0,15,1.0,10,7.08,2627.17
granos,55.0,192,0.7413,7,0.88,3802.56
tuberculos,34.0,23,0.5476,7,7.13,1699.19
hortalizas,125.0,6,0.6,7,4.28,1780.69
tuberculos,425.0,7,0.1373,1,2.05,882.82
lacteos,425.0,11,1.0,2,9.03,6332.92
granos,50.0,47,0.3643,11,2.51,2724.57
lacteos,300.0,1,0.3333,11,3.15,3599.85
tuberculos,12.5,21,0.5,1,5.32,1458.14
granos,562.5,8,0.0328,8,2.56,2021.78
hortalizas,112.5,1,0.1111,6,1.79,1003.88
otros,53.0,41,0.8913,11,9.82,3421.14
granos,980.0,21,0.0607,11,5.69,2193.47
frutas,52.0,9,0.4737,11,2.64,2246.87
otros,1750.0,2,0.2857,9,4.12,1989.62
tuberculos,1500.0,9,0.2903,2,7.05,1341.02
otros,487.5,4,0.1176,5,7.24,1672.61
lacteos,2750.0,3,0.5,10,3.8,3224.14
lacteos,37.5,2,0.4,10,5.35,3981.76
lacteos,12.5,11,0.8462,3,2.81,4348.74
hortalizas,740.0,8,0.6154,2,1.81,1602.37
hortalizas,1250.0,2,0.2222,1,2.85,1689.56
hortalizas,560.0,4,0.4,9,0.89,1525.57
otros,50.0,0,0.0,3,6.23,1508.8
tuberculos,437.5,37,0.9024,9,3.51,1658.97
lacteos,225.0,5,1.0,5,1.41,3700.73
tuberculos,180.0,39,0.75,12,6.85,1718.11
frutas,1160.0,7,0.5385,4,8.45,3362.15
otros,750.0,21,0.6774,6,10.83,2503.62
otros,50.0,44,0.9362,4,3.87,2133.65
frutas,900.0,4,0.5714,10,7.79,3098.72
granos,700.0,249,0.7014,2,4.49,3714.75
hortalizas,150.0,1,0.125,8,1.59,1283.73
lacteos,26.0,9,0.6429,11,1.44,3549.99
granos,740.0,164,0.4699,11,3.42,2837.53
hortalizas,980.0,5,0.3571,12,4.37,2000.66
frutas,212.5,5,0.7143,10,4.93,2782.86
lacteos,880.0,3,0.4286,8,0.15,2506.57
granos,2850.0,17,0.1828,10,2.72,2149.93
frutas,59.0,13,0.65,1,1.89,2973.03
hortalizas,26.0,4,0.6667,7,9.86,2327.88
granos,1150.0,91,0.3699,5,1.41,2830.93
lacteos,11.0,6,1.0,12,3.26,5649.31
frutas,11.0,1,0.0714,3,10.21,2715.82
otros,25.0,38,0.76,8,2.01,2536.61
lacteos,200.0,0,0.0,10,4.28,2088.43
otros,225.0,22,0.5238,8,2.93,2226.52
lacteos,1.0,3,0.75,11,2.73,5516.42
otros,55.0,22,0.4681,7,2.1,2083.34
frutas,40.0,1,0.05,2,0.39,1806.14
granos,15.0,76,0.5938,9,1.82,3252.45
frutas,4.0,11,1.0,7,4.54,3194.16
granos,33.0,52,0.2342,10,1.43,2706.53
lacteos,5.0,12,0.8,10,1.08,3942.45
tuberculos,500.0,9,0.2812,1,1.45,1079.57
granos,375.0,39,0.4105,5,4.07,3697.46
lacteos,1.0,0,0.0,10,1.51,2545.4
otros,625.0,4,0.1212,7,4.78,1840.74
frutas,8.0,16,1.0,11,12.16,3894.66
granos,300.0,194,0.5933,4,4.91,4648.83
otros,2200.0,8,0.8,11,3.23,2806.51
otros,1900.0,7,0.2,1,2.66,1714.8
granos,41.0,37,0.1805,12,5.35,2731.06
hortalizas,280.0,7,0.6364,4,5.4,2056.39
tuberculos,11.0,20,0.5714,12,2.43,1577.11
otros,320.0,0,0.0,8,7.31,1701.06
otros,7.0,50,0.9259,7,1.53,2779.45
frutas,225.0,0,0.0,3,10.2,2672.44
granos,350.0,98,0.3726,12,3.5,2465.13
tuberculos,2050.0,9,0.1525,10,3.09,1195.95
lacteos,1800.0,11,0.9167,2,13.8,5331.84
granos,1500.0,140,0.5,5,3.28,3203.05
granos,2750.0,123,0.4786,11,4.33,2854.32
frutas,35.0,15,0.8333,7,2.27,2755.15
tuberculos,21.0,7,0.2917,8,2.65,1559.33
granos,700.0,35,0.2632,7,0.34,2736.47
frutas,14.0,5,0.2632,8,4.07,1948.39
hortalizas,20.0,6,0.4286,11,0.76,1721.14
granos,640.0,222,0.9694,3,3.5,3430.28
otros,562.5,3,0.2727,10,2.52,2025.92
frutas,300.0,13,0.8125,5,5.63,3331.58
tuberculos,320.0,9,0.3333,11,7.66,1677.98
lacteos,1550.0,1,0.0833,4,3.11,2112.96
tuberculos,2800.0,2,0.0833,10,6.35,1154.73
hortalizas,860.0,0,0.0,8,0.67,867.04
frutas,675.0,6,0.5,5,6.18,2621.73
hortalizas,1200.0,1,0.1667,9,5.38,1602.74
frutas,650.0,6,0.3529,1,8.54,3036.33
lacteos,1750.0,2,0.5,12,7.97,4868.05
frutas,100.0,2,0.4,12,3.27,2652.74
otros,600.0,24,0.6486,5,4.13,1941.77
granos,43.0,32,0.0879,1,6.87,2761.83
hortalizas,8.0,6,0.75,4,4.02,2305.86
frutas,1140.0,17,0.8947,4,6.41,3360.21
frutas,44.0,13,0.8125,3,4.65,3606.75
hortalizas,59.0,1,0.0833,5,12.06,1367.32
otros,44.0,43,0.7288,4,2.77,2064.24
lacteos,17.0,1,0.3333,5,2.05,2738.6
granos,220.0,32,0.3299,12,3.28,2470.3
tuberculos,662.5,11,0.2558,3,4.09,958.06
frutas,325.0,7,0.4667,2,3.35,2861.21
tuberculos,54.0,9,0.2195,8,12.59,1662.83
hortalizas,600.0,10,0.9091,12,1.79,2065.52
granos,33.0,33,0.1089,11,2.76,2220.5
hortalizas,712.5,2,0.2,9,7.04,1839.09
lacteos,840.0,1,0.0667,9,1.62,2425.04
otros,1000.0,19,0.3333,2,4.24,1916.16
frutas,380.0,11,0.7857,7,11.11,3104.75
hortalizas,800.0,6,0.5455,1,7.43,2828.23
hortalizas,60.0,5,0.3571,6,1.69,1231.71
hortalizas,487.5,4,0.5714,12,1.95,2106.23
granos,32.0,57,0.6264,8,4.55,4064.33
tuberculos,450.0,16,0.7619,7,3.63,1522.36
tuberculos,120.0,4,0.0714,6,2.64,989.62
tuberculos,51.0,20,0.7407,3,5.76,1267.98
tuberculos,350.0,14,0.35,2,3.28,1202.21
granos,2450.0,230,0.8812,10,1.74,3143.46
hortalizas,525.0,3,0.2727,4,2.95,1321.33
granos,980.0,52,0.3171,9,0.97,2135.63
otros,725.0,18,0.36,12,1.46,1817.84
granos,162.5,78,0.6047,10,4.91,3217.95
frutas,2300.0,9,0.6,6,4.36,2069.54
otros,1700.0,20,0.5405,5,9.62,1835.42
granos,16.0,101,0.2928,7,3.31,3823.24
hortalizas,27.0,3,0.2308,7,2.47,1330.44
hortalizas,50.0,0,0.0,6,1.69,1070.62
granos,800.0,152,0.8261,8,0.8,3689.58
otros,25.0,22,0.4314,8,1.94,2217.83
granos,19.0,124,0.502,5,4.49,4568.9
granos,800.0,146,0.6986,5,2.29,3522.82
hortalizas,50.0,7,0.7778,10,1.47,2089.58
frutas,2050.0,5,0.2941,3,2.58,2105.53
frutas,462.5,6,0.8571,5,1.83,2654.01
frutas,337.5,3,0.4286,2,13.85,3515.26
lacteos,440.0,2,0.6667,11,3.39,3909.58
lacteos,640.0,1,0.0769,8,8.88,2864.06
otros,100.0,41,0.9535,3,6.35,3173.73
frutas,1000.0,11,0.8462,1,12.83,4023.07
frutas,12.5,18,0.9,5,1.89,3502.14
lacteos,300.0,2,0.6667,2,7.49,4298.33
granos,240.0,183,0.7531,5,5.1,4331.44
lacteos,1950.0,9,1.0,3,2.03,3658.68
granos,600.0,12,0.0522,2,2.2,1970.85
frutas,287.5,5,0.3846,8,5.49,2348.43
granos,80.0,119,0.758,3,0.34,3474.95
granos,100.0,27,0.0975,9,4.17,2477.44
hortalizas,2550.0,11,0.8462,10,1.48,2150.53
granos,22.0,68,0.4722,12,4.31,3033.31
lacteos,27.0,3,0.6,7,1.78,3233.36
frutas,1650.0,4,0.8,2,7.72,3145.46
lacteos,37.5,5,0.5,4,7.22,4913.52
granos,950.0,86,0.6772,3,6.15,3578.02
hortalizas,1300.0,3,0.3,8,6.95,1644.36
lacteos,362.5,6,0.5,11,1.29,3482.46
hortalizas,637.5,5,0.3333,6,2.66,1386.53
tuberculos,28.0,17,0.5667,10,4.59,1682.58
frutas,2300.0,17,0.85,6,5.28,3051.43
lacteos,25.0,7,0.5833,10,7.47,4701.09
frutas,375.0,18,1.0,7,10.06,3218.49
hortalizas,175.0,14,0.9333,12,2.92,2245.2
lacteos,2550.0,0,0.0,3,9.87,2897.44
otros,87.5,28,0.6364,4,0.98,1662.07
granos,337.5,2,0.0055,5,1.42,2311.69
tuberculos,200.0,27,0.4655,2,0.91,967.9
hortalizas,1900.0,0,0.0,2,3.58,1210.63
granos,1600.0,190,0.5523,7,4.14,3236.29
tuberculos,375.0,8,0.1379,5,2.41,894.49
otros,27.0,0,0.0,8,3.44,1720.92
granos,137.5,60,0.4724,5,1.97,3626.49
otros,400.0,40,0.7143,8,8.94,3108.42
hortalizas,150.0,2,0.1818,1,2.0,1611.84
lacteos,820.0,1,0.1667,6,8.53,2941.32
tuberculos,49.0,10,0.1852,11,1.41,1088.66
lacteos,650.0,7,0.6364,12,0.95,3636.28
tuberculos,740.0,25,0.5814,6,0.35,1160.6
frutas,880.0,6,0.75,11,3.38,2652.1
granos,50.0,307,0.9594,8,17.03,4806.22
granos,34.0,244,0.8938,5,6.82,5472.14
hortalizas,12.5,0,0.0,7,2.48,1045.95
hortalizas,5.0,9,0.9,8,5.6,2702.16
tuberculos,600.0,23,0.575,1,2.5,1176.33
otros,112.5,33,0.7021,12,7.03,3172.18
lacteos,1950.0,0,0.0,3,0.85,2155.28
frutas,1250.0,4,0.25,1,0.6,1767.74
hortalizas,2350.0,0,0.0,11,10.56,1706.9
frutas,180.0,8,0.5333,11,2.62,2189.65
hortalizas,6.0,4,0.6667,1,2.78,2815.85
granos,675.0,111,0.5311,7,3.44,3309.58
tuberculos,1950.0,28,0.5385,11,3.4,1295.18
lacteos,46.0,1,0.0667,3,1.83,2719.48
hortalizas,612.5,2,0.1538,6,1.46,1090.93
frutas,1150.0,11,0.7333,10,5.83,2976.15
lacteos,100.0,0,0.0,6,4.45,2212.05
frutas,50.0,0,0.0,3,2.04,1664.73
hortalizas,175.0,14,0.9333,5,4.92,2043.85
hortalizas,75.0,3,0.3333,1,8.43,2187.55
tuberculos,1850.0,9,0.375,5,2.89,1029.4
frutas,14.0,3,0.6,9,9.61,3117.76
frutas,660.0,6,0.75,12,3.39,2890.35
granos,18.0,36,0.0992,9,1.28,2797.67
hortalizas,440.0,3,0.3,5,2.2,1295.37
otros,850.0,18,0.3214,4,4.99,1618.19
lacteos,1000.0,3,0.5,12,4.0,4422.64
tuberculos,39.0,28,0.5091,12,1.14,1234.51
granos,225.0,193,0.7201,1,4.74,4002.4
otros,39.0,6,0.8571,9,5.05,3453.13
hortalizas,850.0,10,0.8333,11,6.43,2379.08
granos,575.0,281,0.7762,11,3.81,3264.37
hortalizas,14.0,4,0.6667,10,13.35,2703.42
lacteos,1450.0,3,1.0,12,2.38,4564.81
hortalizas,520.0,8,0.5714,3,2.39,1775.94
granos,43.0,3,0.0119,7,5.03,3144.49
tuberculos,540.0,28,0.9655,6,3.32,1517.38
tuberculos,2800.0,36,0.6545,2,1.72,1043.76
granos,29.0,156,0.4615,2,4.54,3236.63
granos,187.5,297,0.8584,12,2.45,3231.37
hortalizas,412.5,5,1.0,11,6.51,2775.34
otros,150.0,45,0.8491,9,7.03,3319.64
otros,662.5,26,0.4561,9,4.51,2472.73
tuberculos,580.0,5,0.1316,6,1.07,934.55
lacteos,2300.0,11,0.7857,12,1.93,3880.49
hortalizas,560.0,2,0.2857,6,0.82,1160.7
tuberculos,87.5,31,0.9118,5,3.32,1421.16
frutas,50.0,1,0.0588,5,2.38,2014.34
granos,950.0,147,1.0,2,7.2,4615.2
granos,500.0,104,0.3599,9,7.57,3354.61
granos,17.0,16,0.0964,5,0.88,2322.13
frutas,45.0,0,0.0,7,3.6,1636.91
lacteos,1400.0,1,0.0667,7,3.1,2304.58
lacteos,22.0,10,0.6667,4,5.67,4401.83
tuberculos,137.5,43,0.9348,12,6.84,1896.56
hortalizas,280.0,13,1.0,11,1.36,2250.4
granos,725.0,68,0.6538,6,1.7,4031.53
tuberculos,550.0,21,0.3559,10,7.17,1601.95
tuberculos,35.0,25,0.8065,12,1.23,1326.82
hortalizas,720.0,4,0.3077,12,4.67,1971.94
frutas,562.5,4,0.8,11,1.62,2418.27
otros,60.0,0,0.0,8,2.64,1646.73
frutas,1140.0,3,0.2308,12,12.69,2564.01
tuberculos,125.0,3,0.0938,1,1.71,786.27
tuberculos,625.0,31,0.5849,4,4.91,1123.18
frutas,580.0,18,1.0,1,4.0,3245.46
granos,28.0,88,0.6027,11,4.87,3899.81
otros,860.0,36,0.8372,2,4.0,2387.09
otros,712.5,8,0.8889,1,1.65,2009.21
frutas,1400.0,12,0.7059,8,0.29,1897.85
otros,29.0,22,0.88,6,1.89,1956.98
granos,60.0,132,0.9496,9,1.86,3871.29
lacteos,10.0,4,0.6667,7,1.23,3087.1
granos,2850.0,57,0.2533,4,5.86,3198.31
lacteos,200.0,4,0.4,6,7.16,3378.44
tuberculos,650.0,7,0.2692,1,1.56,952.66
otros,187.5,8,0.4211,4,8.6,2215.68
otros,275.0,5,0.4167,12,3.43,2537.57
tuberculos,1180.0,13,0.3421,1,4.87,985.41
hortalizas,362.5,1,0.0714,12,2.37,1368.96
frutas,56.0,1,0.0588,9,3.26,1651.72
tuberculos,350.0,39,0.78,8,2.49,1347.26
otros,137.5,4,0.1905,8,0.94,1882.6
tuberculos,920.0,3,0.15,5,3.59,901.93
tuberculos,287.5,32,0.6038,5,2.79,1250.01
granos,62.5,12,0.0723,1,2.35,1795.3
tuberculos,150.0,19,0.6333,4,5.34,1227.39
frutas,2700.0,0,0.0,3,4.44,1915.84
lacteos,1900.0,3,0.2727,2,4.85,3450.65
hortalizas,675.0,7,0.6364,4,3.5,1498.57
lacteos,22.0,1,0.25,8,1.16,2486.08
granos,487.5,27,0.2077,12,5.08,2749.51
frutas,23.0,4,0.2667,12,6.2,2622.24
tuberculos,687.5,33,0.7021,12,4.37,1489.13
hortalizas,1250.0,0,0.0,8,2.78,954.36
granos,100.0,165,0.5305,2,4.14,3480.45
otros,687.5,13,0.25,6,2.95,1444.62
tuberculos,57.0,1,0.027,1,11.53,1386.39
otros,2100.0,3,0.25,10,3.96,2085.66
hortalizas,1100.0,2,0.2857,10,0.89,1370.86
hortalizas,75.0,4,0.3333,9,7.1,2225.31
tuberculos,2650.0,15,0.3659,8,0.99,1201.85
otros,850.0,52,0.9811,3,2.13,2082.18
frutas,59.0,2,0.1,2,1.75,2298.24
hortalizas,25.0,10,1.0,6,1.12,1812.62
tuberculos,980.0,31,0.6739,11,5.26,1493.17
granos,250.0,240,0.7547,4,3.59,3583.15
tuberculos,637.5,5,0.0962,4,9.97,1014.86
lacteos,340.0,3,0.375,11,3.79,4092.22
lacteos,2150.0,0,0.0,9,1.25,2089.89
otros,12.5,0,0.0,11,1.25,1546.02
lacteos,360.0,3,0.5,1,2.61,4154.9
frutas,1700.0,4,0.6667,11,2.16,2348.29
lacteos,47.0,1,0.0833,8,3.96,2689.14
lacteos,480.0,6,0.75,7,3.54,2946.14
granos,460.0,164,0.8241,9,0.58,3235.53
lacteos,9.0,6,0.75,12,3.18,4853.76
hortalizas,50.0,2,0.3333,8,4.36,1780.95
frutas,100.0,3,0.5,4,2.28,2880.27
lacteos,55.0,0,0.0,9,8.97,2980.06
frutas,2350.0,0,0.0,2,5.48,2066.01
frutas,375.0,2,0.1333,2,1.33,2345.83
granos,14.0,100,0.3817,4,3.26,3970.53
otros,10.0,5,0.2174,8,9.67,2697.95
hortalizas,712.5,9,0.6923,10,12.49,2676.74
frutas,900.0,9,0.6429,8,10.22,2918.08
hortalizas,220.0,3,0.4286,3,10.3,2304.03
frutas,37.0,3,0.6,2,3.5,2960.13
otros,29.0,25,0.8333,1,5.79,2707.34
lacteos,300.0,3,0.75,12,3.04,4392.57
hortalizas,54.0,5,0.5,10,5.79,1997.22
otros,1550.0,11,0.2895,5,2.77,1445.5
tuberculos,2900.0,6,0.3,7,3.96,1090.36
hortalizas,2050.0,4,0.8,5,8.81,1826.12
hortalizas,1060.0,4,0.5714,3,5.38,2005.52
frutas,820.0,13,0.6842,10,1.45,1962.2
tuberculos,46.0,20,0.7407,9,4.95,1908.88
hortalizas,420.0,7,0.875,2,2.5,2245.41
hortalizas,55.0,2,0.1429,11,0.73,1661.37
hortalizas,450.0,2,0.25,7,11.65,1585.22
lacteos,2600.0,0,0.0,4,1.53,2070.16
otros,200.0,11,0.193,4,2.81,1521.39
frutas,32.0,14,0.9333,10,3.99,2693.54
otros,2000.0,0,0.0,11,0.58,1178.33
otros,58.0,4,0.1176,4,1.1,1227.3
granos,840.0,133,0.5938,4,2.61,3251.95
tuberculos,2650.0,8,0.1905,12,4.24,1003.08
frutas,24.0,10,0.7692,11,2.74,2837.02
frutas,1600.0,4,0.8,8,3.9,2536.52
hortalizas,14.0,1,0.1667,12,4.64,1853.43
hortalizas,1950.0,2,0.3333,9,0.94,1311.1
frutas,11.0,1,0.0526,11,4.3,1958.08
tuberculos,500.0,7,0.2414,4,6.09,1098.59
lacteos,1020.0,2,0.25,6,1.93,2706.94
hortalizas,625.0,1,0.1667,5,8.42,1495.53
otros,950.0,0,0.0,6,4.03,1163.02
frutas,28.0,7,0.5385,9,5.33,2447.06
tuberculos,960.0,2,0.0714,9,11.83,1402.96
hortalizas,1750.0,7,1.0,8,2.04,1723.02
hortalizas,350.0,3,0.6,7,1.4,1532.48
otros,24.0,17,0.7391,9,3.21,3080.01
frutas,840.0,7,0.5833,8,7.01,2250.95
otros,175.0,13,0.8125,12,0.57,2153.44
hortalizas,287.5,6,1.0,6,4.16,1937.81
lacteos,1400.0,12,0.9231,10,3.02,4325.15
granos,1040.0,137,0.5547,9,1.72,2758.18
frutas,150.0,3,0.3333,11,4.74,2457.91
lacteos,125.0,9,0.9,9,2.3,3592.28
granos,250.0,105,0.3365,3,0.73,2547.95
tuberculos,50.0,18,0.8182,9,5.05,1737.41
frutas,362.5,3,0.3333,11,4.33,2545.87
frutas,125.0,9,1.0,8,6.72,2695.56
granos,960.0,237,0.9753,3,6.16,4158.22
hortalizas,340.0,15,1.0,10,3.27,2411.39
frutas,49.0,3,0.5,5,3.2,3034.73
hortalizas,350.0,1,0.2,1,1.17,1793.16
hortalizas,2300.0,9,1.0,5,1.71,1693.44
hortalizas,640.0,5,0.4167,1,5.51,1706.39
frutas,237.5,7,0.3684,9,4.46,2000.84
tuberculos,637.5,36,0.75,4,8.12,1355.14
lacteos,22.0,3,1.0,3,2.8,4546.31
granos,140.0,18,0.0497,10,2.73,2347.88
lacteos,87.5,3,1.0,12,0.98,4824.73
lacteos,41.0,2,0.4,12,0.56,3265.79
hortalizas,400.0,1,0.0714,8,3.22,1316.36
otros,180.0,5,0.3846,4,0.14,1546.35
hortalizas,700.0,3,0.375,5,5.31,1681.53
frutas,20.0,5,0.3846,11,2.99,2261.95
otros,60.0,2,0.0465,6,3.8,1655.85
granos,4.0,6,0.0458,10,1.71,2154.58
otros,2400.0,38,0.8085,7,6.27,2531.9
tuberculos,13.0,5,0.2174,8,1.26,1179.35
lacteos,1050.0,0,0.0,6,0.97,1760.26
hortalizas,25.0,13,1.0,1,1.34,2408.03
otros,1000.0,16,0.4444,8,4.98,2318.88
frutas,75.0,9,0.75,8,5.83,2489.1
granos,87.5,297,0.8486,7,2.59,3805.76
granos,2650.0,74,0.7789,2,4.86,3297.29
granos,425.0,108,0.7606,8,5.35,4805.18
hortalizas,275.0,3,0.2143,8,3.0,1377.44
otros,20.0,10,0.8333,1,7.35,3166.89
otros,60.0,15,0.3333,12,4.0,2510.88
tuberculos,1020.0,16,0.3636,7,2.21,1216.89
tuberculos,520.0,7,0.2258,7,4.92,1160.24
otros,49.0,23,0.7931,8,2.49,2666.69
granos,525.0,22,0.0884,5,1.96,2710.41
frutas,280.0,11,0.9167,5,5.59,3571.3
lacteos,2900.0,12,0.8571,6,1.86,2727.86
lacteos,36.0,1,0.2,6,7.76,3806.64
lacteos,12.0,4,0.4,9,8.33,4423.3
tuberculos,850.0,21,0.4773,4,7.72,1404.12
otros,350.0,5,0.5,3,1.68,1490.48
otros,62.5,6,0.75,1,1.47,2174.61
lacteos,26.0,2,0.6667,8,4.64,3979.36
tuberculos,112.5,0,0.0,8,0.07,780.68
tuberculos,200.0,47,1.0,9,1.64,1775.74
hortalizas,46.0,6,0.4,2,1.19,1763.67
granos,2250.0,94,0.5802,5,1.29,3131.7
otros,580.0,14,0.7,11,7.38,2929.97
hortalizas,360.0,6,0.5,4,2.03,1545.55
hortalizas,1160.0,7,0.5833,5,4.8,1796.63
granos,2950.0,90,0.7143,12,2.64,2612.1
otros,225.0,1,0.0769,7,5.49,1983.95
frutas,137.5,2,0.1111,11,3.79,1970.2
otros,687.5,15,0.7143,11,8.48,3232.1
lacteos,39.0,6,0.5,8,6.79,3226.91
tuberculos,1100.0,16,0.2857,12,2.3,1100.01
frutas,2600.0,19,1.0,5,8.12,4075.42
lacteos,550.0,4,1.0,9,11.76,5010.41
granos,2250.0,52,0.3006,5,1.99,3000.19
lacteos,860.0,3,0.5,10,1.07,3145.9
lacteos,360.0,9,0.75,4,0.79,3798.53
frutas,362.5,4,0.2857,7,1.9,1752.79
granos,150.0,118,1.0,10,1.35,2993.75
hortalizas,1700.0,3,0.6,3,4.4,2223.22
granos,1750.0,17,0.053,10,7.35,2497.56
frutas,50.0,12,0.9231,2,2.07,3581.13
granos,51.0,113,0.5736,1,1.82,2989.76
granos,2600.0,80,0.5263,7,4.28,3973.62
granos,1020.0,4,0.0116,6,2.39,2590.22
granos,2250.0,35,0.3153,3,6.11,3186.28
granos,450.0,45,0.2239,7,2.06,2891.0
frutas,46.0,0,0.0,11,2.1,1580.62
hortalizas,49.0,1,0.1667,11,0.27,1455.88
otros,100.0,16,0.7273,7,3.84,2254.12
granos,1060.0,150,0.4399,12,10.86,3362.97
granos,1000.0,32,0.237,9,9.26,3147.68
granos,275.0,13,0.0494,2,3.14,2456.25
granos,45.0,121,0.6914,6,1.44,4274.61
tuberculos,200.0,0,0.0,1,8.29,921.35
hortalizas,700.0,2,0.2222,2,4.2,1486.79
granos,800.0,113,0.3844,7,2.36,3150.55
hortalizas,220.0,4,0.4444,1,5.72,2565.53
granos,1500.0,90,0.9,3,0.44,2868.52
lacteos,280.0,3,1.0,7,6.56,4862.59
lacteos,59.0,1,0.1667,11,6.68,3868.15
lacteos,1500.0,3,0.2727,12,3.05,3199.34
lacteos,712.5,0,0.0,12,4.0,2602.79
otros,550.0,4,0.0755,9,3.06,1741.58
lacteos,62.5,6,0.75,4,4.29,3669.52
hortalizas,12.5,6,0.6667,9,4.11,2406.37
hortalizas,200.0,6,0.6667,12,2.6,2054.14
hortalizas,980.0,11,0.7857,3,3.38,1826.43
tuberculos,12.5,0,0.0,7,3.49,936.79
otros,212.5,18,0.7826,11,0.71,2476.9
granos,300.0,21,0.0597,2,5.17,2389.53
lacteos,87.5,4,0.2667,11,5.98,4081.48
tuberculos,550.0,29,0.5686,8,9.07,1777.55
otros,687.5,13,0.8667,7,3.22,2437.7
frutas,180.0,2,0.2222,12,1.66,1896.39
otros,1350.0,10,0.625,11,3.09,2225.52
frutas,50.0,0,0.0,10,0.72,1510.7
lacteos,30.0,6,0.4,12,1.57,3708.08
hortalizas,312.5,9,0.6923,1,5.99,2781.3
hortalizas,48.0,0,0.0,6,4.93,1019.64
hortalizas,587.5,8,0.5714,11,4.76,2164.87
tuberculos,237.5,46,0.807,10,4.32,1628.05
granos,4.0,71,0.3128,11,6.06,3368.98
frutas,2050.0,4,0.6667,12,1.02,2109.18
hortalizas,56.0,10,0.9091,8,1.06,1926.72
tuberculos,47.0,43,0.7963,4,3.69,1313.95
lacteos,33.0,7,0.875,12,3.92,5665.86
tuberculos,36.0,7,0.1373,9,0.37,1069.61
tuberculos,250.0,9,0.1698,9,6.14,1346.22
frutas,22.0,1,0.1111,7,2.53,2066.44
granos,52.0,30,0.1224,11,1.35,1903.13
frutas,600.0,5,0.8333,1,1.92,3093.26
tuberculos,56.0,13,0.4483,11,1.71,1236.01
lacteos,14.0,8,0.6154,6,0.34,2881.92
granos,1060.0,255,0.7774,10,13.75,3750.33
frutas,1200.0,1,0.1667,8,4.58,1658.04
hortalizas,36.0,8,0.8889,4,2.49,1984.43
frutas,437.5,8,1.0,6,2.63,2820.38
granos,2750.0,156,0.9231,11,7.72,3906.88
hortalizas,525.0,9,0.9,12,7.16,2901.85
lacteos,580.0,7,0.7,12,10.51,5524.81
tuberculos,375.0,0,0.0,5,8.62,964.26
hortalizas,58.0,2,0.2222,9,3.7,1745.69
hortalizas,3.0,3,0.5,1,0.85,2406.1
tuberculos,1500.0,49,0.9423,12,6.09,1683.11
hortalizas,750.0,9,0.6429,11,3.16,1542.37
lacteos,720.0,2,0.1818,4,1.36,2683.99
otros,600.0,17,0.7727,11,3.19,2412.16
granos,275.0,40,0.303,2,5.12,3434.5
otros,38.0,15,0.4839,4,5.74,1962.74
granos,57.0,23,0.2277,4,4.03,2861.65
granos,1350.0,94,0.6912,8,6.42,4331.41
otros,900.0,26,0.4815,3,2.0,1822.86
lacteos,51.0,7,0.875,6,2.95,4183.28
hortalizas,480.0,5,0.5,4,1.32,1600.51
granos,47.0,224,0.855,9,3.5,4070.48
frutas,750.0,14,1.0,10,0.91,1893.1
tuberculos,800.0,3,0.15,3,9.18,936.53
tuberculos,380.0,11,0.193,4,7.42,1043.76
tuberculos,54.0,14,0.4,7,3.71,1361.5
hortalizas,100.0,7,0.5385,3,4.32,1985.58
hortalizas,2350.0,11,1.0,12,5.89,2620.36
lacteos,42.0,9,0.6923,3,0.72,3781.5
tuberculos,650.0,0,0.0,10,4.8,1199.2
hortalizas,137.5,14,1.0,8,0.11,1882.46
tuberculos,900.0,23,0.5476,7,7.07,1678.48
tuberculos,550.0,24,0.4286,4,4.85,1080.64
tuberculos,850.0,13,0.5909,8,3.19,1329.76
tuberculos,56.0,14,0.4375,3,6.18,1366.78
lacteos,30.0,2,0.3333,5,4.2,3673.7
granos,23.0,18,0.0811,8,4.39,2626.23
hortalizas,400.0,1,0.1667,3,1.27,1275.21
tuberculos,2750.0,11,0.25,9,10.37,1452.9
granos,3.0,172,0.6232,6,3.99,4649.49
lacteos,2400.0,0,0.0,3,2.64,2376.53
otros,620.0,6,0.1053,3,5.17,1500.39
hortalizas,400.0,1,0.0909,3,3.74,1396.38
lacteos,520.0,3,0.5,10,5.75,3944.4
lacteos,575.0,1,0.1429,12,0.97,2545.81
lacteos,260.0,5,0.7143,8,10.05,4165.06
frutas,387.5,3,0.1667,11,5.8,2353.38
lacteos,1080.0,9,0.75,4,1.38,3448.83
granos,960.0,198,0.5531,6,0.29,3024.8
tuberculos,300.0,12,0.2791,7,2.74,1067.79
hortalizas,360.0,11,0.8462,8,3.1,1748.18
lacteos,13.0,1,0.1667,6,6.43,3491.39
lacteos,137.5,9,0.8182,2,5.04,5307.01
tuberculos,1250.0,38,0.9744,10,5.06,1907.2
granos,237.5,170,1.0,5,1.11,3988.02
tuberculos,2900.0,30,0.5,3,10.62,1218.29
otros,20.0,20,0.6667,10,10.29,3474.91
hortalizas,55.0,10,0.6667,12,0.73,2284.86
tuberculos,14.0,7,0.1591,8,0.91,1137.06
otros,300.0,37,0.6271,7,5.62,2793.45
otros,325.0,10,0.1667,2,1.37,1547.72
tuberculos,31.0,48,1.0,5,2.05,1350.42
lacteos,425.0,0,0.0,11,0.81,2146.66
frutas,350.0,9,0.45,12,1.57,2339.71
lacteos,150.0,9,0.6429,3,7.45,4853.96
tuberculos,2500.0,19,0.95,3,1.72,1143.04
hortalizas,43.0,6,0.4615,5,1.3,1551.38
frutas,57.0,10,1.0,7,1.7,2739.46
lacteos,900.0,3,0.375,8,1.25,2650.72
tuberculos,350.0,21,0.9545,3,0.96,1122.28
lacteos,150.0,3,0.2143,2,4.67,4406.17
granos,200.0,98,0.4804,8,5.15,3338.88
granos,537.5,229,0.7003,7,3.04,3472.85
tuberculos,50.0,9,0.25,8,3.14,1436.33
tuberculos,900.0,5,0.25,4,0.79,777.4
lacteos,58.0,5,0.8333,7,3.31,3034.82
granos,650.0,71,0.3272,5,2.77,3139.09
tuberculos,1180.0,15,0.625,2,9.06,1231.45
otros,56.0,10,0.7143,8,2.07,2367.91
lacteos,420.0,1,0.3333,1,2.65,3725.31
granos,180.0,188,0.5208,1,3.43,3225.97
granos,375.0,116,0.4427,9,4.65,2801.55
tuberculos,362.5,47,0.7833,4,4.36,1142.37
granos,42.0,173,0.6455,1,9.32,3778.66
frutas,440.0,1,0.125,7,5.68,2113.64
lacteos,600.0,1,0.1429,9,1.79,2317.55
tuberculos,1020.0,3,0.1364,4,0.47,819.38
otros,537.5,16,0.2712,12,5.49,2338.43
granos,2650.0,177,0.6344,1,2.54,2415.61
otros,150.0,9,0.3214,5,16.78,2214.48
otros,350.0,26,0.4906,12,6.93,3075.2
frutas,1250.0,1,0.125,1,0.72,1810.03
granos,562.5,57,0.1787,9,15.83,2969.03
otros,725.0,29,0.7632,4,3.08,1790.25
otros,1050.0,9,0.9,8,1.6,2590.69
hortalizas,212.5,2,0.2,11,11.81,2348.71
lacteos,480.0,0,0.0,4,10.41,3020.68
frutas,520.0,0,0.0,7,3.97,1708.87
granos,450.0,116,0.4735,9,2.26,2811.56
lacteos,1160.0,8,0.8,9,1.94,3660.1
tuberculos,1800.0,20,0.8,11,2.84,1522.36
otros,612.5,11,0.9167,9,9.93,3523.08
lacteos,1450.0,0,0.0,7,0.42,1802.65
tuberculos,1450.0,42,1.0,4,2.73,1386.38
granos,180.0,250,0.9615,12,1.06,2898.98
otros,2450.0,22,0.3929,1,2.24,1908.54
lacteos,800.0,11,0.7333,10,1.77,3478.69
lacteos,980.0,1,0.125,11,2.49,2704.43
frutas,612.5,2,0.2222,2,5.53,2837.13
hortalizas,2950.0,6,0.8571,6,13.08,2077.86
lacteos,33.0,10,0.7692,2,3.17,4470.68
frutas,2600.0,0,0.0,1,1.83,1728.1
frutas,39.0,2,0.2,1,10.12,3191.57
tuberculos,60.0,10,0.3571,10,1.05,1334.25
otros,1020.0,6,0.1364,1,2.56,1747.92
tuberculos,400.0,27,0.54,1,1.37,1087.42
hortalizas,35.0,1,0.125,2,1.8,1444.68
lacteos,21.0,8,0.6667,8,7.47,4597.67
otros,275.0,29,0.5918,10,3.46,2392.95
lacteos,400.0,0,0.0,4,4.06,2699.94
granos,540.0,212,0.9339,9,4.78,4388.64
granos,51.0,206,0.6041,1,2.8,3024.49
granos,700.0,288,0.8276,11,11.39,3966.44
otros,720.0,13,0.619,10,5.68,2760.28
hortalizas,1750.0,3,0.5,10,6.02,1800.64
granos,262.5,57,0.2808,2,3.41,2759.17
otros,36.0,29,0.7632,5,1.48,2355.23
hortalizas,940.0,9,0.6429,8,1.62,1501.2
tuberculos,237.5,47,0.8704,5,8.74,1634.25
otros,140.0,9,0.5625,4,1.45,1939.94
granos,28.0,307,0.9029,4,0.86,3693.22
tuberculos,500.0,15,0.2542,8,3.26,1405.49
granos,487.5,251,0.9094,11,5.01,3817.51
granos,2550.0,150,0.5769,2,2.33,2531.65
hortalizas,51.0,11,0.7333,5,3.83,1919.72
tuberculos,350.0,14,0.56,12,4.85,1640.74
hortalizas,4.0,5,0.4545,3,4.99,1980.01
hortalizas,900.0,12,1.0,5,3.65,1725.37
frutas,56.0,11,0.55,9,5.03,2637.42
frutas,2550.0,11,0.5789,7,2.74,2071.7
hortalizas,240.0,11,0.9167,11,13.55,3071.32
otros,200.0,32,0.5926,11,3.65,2302.7
frutas,337.5,1,0.0588,1,3.14,2109.09
frutas,29.0,10,0.7692,5,2.85,2687.75
hortalizas,800.0,2,0.25,6,1.55,1207.88
frutas,300.0,14,0.875,10,1.96,2413.29
tuberculos,1800.0,23,0.5349,5,4.57,1313.53
hortalizas,1020.0,7,1.0,1,2.38,2408.82
otros,40.0,44,0.9362,8,5.91,3698.98
otros,40.0,14,0.5185,12,1.41,2097.59
otros,20.0,15,0.3947,7,3.19,2147.14
granos,31.0,214,0.7304,4,1.17,3873.0
frutas,680.0,12,0.6,9,4.67,2124.98
hortalizas,51.0,4,0.5,1,7.37,3396.38
tuberculos,35.0,6,0.1935,12,7.19,1277.2
otros,650.0,9,0.6,3,0.96,1964.89
hortalizas,100.0,3,0.6,12,1.06,1940.13
lacteos,587.5,5,0.7143,6,3.23,3309.46
hortalizas,3.0,2,0.4,5,3.45,1900.72
otros,500.0,14,0.4242,6,0.68,1651.83
hortalizas,27.0,11,1.0,8,2.24,2104.75
granos,260.0,3,0.0166,10,4.67,2047.05
lacteos,550.0,4,1.0,7,3.86,3336.14
otros,575.0,4,0.3636,10,5.13,2285.2
tuberculos,46.0,37,0.7872,5,2.94,1412.57
lacteos,2700.0,2,0.5,2,4.93,4312.3
lacteos,275.0,0,0.0,5,2.07,2153.08
lacteos,700.0,5,0.5,6,4.78,3196.08
tuberculos,59.0,53,0.9138,11,10.33,2213.52
otros,50.0,18,0.8571,12,0.8,2504.24
frutas,312.5,5,0.5556,3,11.22,3634.45
frutas,175.0,10,0.8333,8,1.12,2373.41
granos,58.0,96,0.9897,12,5.5,4133.59
lacteos,87.5,3,0.3333,11,2.63,3327.79
hortalizas,48.0,5,0.8333,7,11.39,2374.82
hortalizas,620.0,1,0.2,10,2.31,1611.65
tuberculos,900.0,22,0.6286,8,3.01,1425.88
tuberculos,56.0,31,0.9394,9,1.88,1820.69
otros,1080.0,3,0.15,11,1.22,1886.65
hortalizas,1020.0,3,0.6,1,4.27,2156.47
otros,2700.0,19,0.4634,4,1.06,1467.08
otros,51.0,34,0.6939,5,6.74,2257.11
otros,1040.0,31,0.8857,2,5.3,2535.26
hortalizas,125.0,8,0.8,5,6.14,1972.14
otros,2850.0,51,0.8644,8,4.6,2711.25
otros,440.0,4,0.3077,8,7.5,2278.89
granos,560.0,219,0.7821,1,1.34,3394.29
frutas,650.0,3,0.6,6,1.58,2276.27
otros,575.0,4,0.0952,5,6.7,1546.1
otros,1000.0,10,0.4545,10,3.73,2500.61
granos,560.0,75,0.3538,4,4.8,3254.1
tuberculos,36.0,10,0.1667,3,6.88,1178.5
granos,15.0,182,0.5042,8,6.62,4539.86
hortalizas,24.0,5,0.4545,2,3.32,2411.25
hortalizas,20.0,8,0.5333,2,11.16,2412.2
frutas,640.0,7,0.7778,11,3.71,2367.57
granos,525.0,181,0.5934,10,1.5,2485.24
lacteos,400.0,5,0.5556,7,3.82,2748.34
granos,350.0,67,0.3384,7,2.69,3040.05
tuberculos,1200.0,25,0.7353,2,3.62,1130.39
granos,780.0,348,0.9534,9,3.2,3926.67
lacteos,2850.0,1,0.2,11,2.2,2562.53
granos,640.0,177,0.4849,12,6.72,3129.23
granos,250.0,29,0.2339,8,7.16,3408.88
otros,587.5,26,0.5098,12,6.1,2626.62
lacteos,34.0,6,0.6667,9,1.96,3565.83
lacteos,525.0,0,0.0,2,0.38,2198.55
hortalizas,2350.0,8,0.6667,8,4.86,1784.15
otros,1650.0,25,0.4902,8,1.96,2107.17
tuberculos,37.0,20,0.7143,1,7.08,1873.52
otros,42.0,6,0.4615,4,6.38,2119.74
otros,237.5,37,0.6167,3,1.03,1558.02
hortalizas,640.0,7,0.7778,12,4.62,2653.12
otros,840.0,23,1.0,1,2.63,2872.18
tuberculos,200.0,33,1.0,9,6.93,2264.74
otros,150.0,9,0.1698,8,6.17,2207.2
tuberculos,1500.0,1,0.05,7,9.24,1263.23
tuberculos,740.0,4,0.1818,11,0.59,962.09
lacteos,675.0,1,0.0833,10,2.9,2405.88
granos,36.0,59,0.59,5,1.11,3907.64
granos,1100.0,20,0.1031,11,1.52,1665.63
granos,500.0,50,0.4098,11,4.16,2588.97
tuberculos,56.0,46,1.0,12,6.72,2131.74
lacteos,800.0,4,0.4,10,3.29,3238.16
hortalizas,22.0,5,0.3846,1,0.82,1558.82
frutas,450.0,5,1.0,11,2.59,2971.1
granos,550.0,75,0.2259,4,5.23,3676.39
hortalizas,2700.0,0,0.0,6,4.54,1044.28
frutas,562.5,10,0.9091,5,14.3,3422.84
frutas,362.5,5,0.3571,10,5.3,1912.58
tuberculos,187.5,18,0.45,8,9.98,1775.43
otros,51.0,6,0.4615,11,2.81,2017.5
frutas,540.0,14,0.9333,10,4.3,2262.67
otros,580.0,40,0.8696,10,8.21,3522.71
otros,2800.0,8,0.1404,10,7.92,2089.55
otros,560.0,11,0.5238,4,0.89,1714.72
hortalizas,450.0,3,0.375,12,3.58,1986.6
frutas,1350.0,7,0.6364,7,4.18,2259.41
otros,1.0,17,0.34,10,4.01,2451.58
frutas,42.0,6,0.3529,6,2.86,2408.45
tuberculos,320.0,7,0.2692,10,1.13,1152.11
lacteos,2200.0,2,0.4,3,1.9,3006.56
granos,920.0,50,0.266,4,1.57,2606.75
otros,675.0,22,0.7097,7,0.73,1978.92
lacteos,49.0,5,1.0,8,3.21,3457.5
tuberculos,59.0,1,0.0189,2,0.51,698.61
granos,600.0,217,0.9476,9,1.89,3394.78
frutas,2450.0,10,1.0,4,7.66,3957.6
lacteos,2350.0,0,0.0,9,6.84,2172.73
hortalizas,1060.0,2,0.2,8,2.16,1410.94
otros,2300.0,14,0.875,1,2.16,2156.69
lacteos,700.0,3,0.75,5,6.14,4283.98
otros,300.0,15,0.7895,1,2.8,2272.25
otros,440.0,1,0.0175,10,3.02,1621.39
tuberculos,400.0,18,0.3396,4,0.25,848.5
lacteos,720.0,0,0.0,2,9.28,3060.46
tuberculos,575.0,41,0.7193,10,1.95,1727.71
lacteos,38.0,0,0.0,7,5.21,1988.42
granos,16.0,142,0.6043,4,5.75,3969.25
frutas,537.5,2,0.25,6,9.57,2816.92
granos,980.0,25,0.1623,10,2.4,2046.33
otros,640.0,11,0.7333,1,5.36,2365.22
granos,220.0,55,0.5851,8,3.9,3513.22
hortalizas,325.0,3,0.3,10,0.91,1508.61
granos,1200.0,287,0.8392,4,1.75,3892.56
otros,440.0,20,1.0,8,3.52,2776.65
hortalizas,1250.0,13,1.0,12,3.86,2361.85
tuberculos,50.0,33,0.6875,9,6.41,1969.36
hortalizas,700.0,5,0.4545,3,2.58,1611.42
tuberculos,337.5,7,0.3182,2,5.78,1088.34
tuberculos,537.5,11,0.2683,1,9.68,1393.32
lacteos,387.5,0,0.0,6,3.74,1708.4
granos,100.0,157,0.7659,1,1.1,2881.52
otros,500.0,32,0.8889,12,7.1,3212.49
lacteos,1650.0,4,0.8,11,5.4,5035.26
lacteos,1180.0,1,0.3333,3,2.04,3624.02
hortalizas,412.5,7,1.0,6,1.72,1805.51
otros,587.5,7,0.3182,12,1.31,1837.45
hortalizas,53.0,7,0.5,4,2.8,1843.99
hortalizas,940.0,2,0.2,2,2.31,1428.29
granos,312.5,64,0.2678,7,3.45,3203.49
tuberculos,1150.0,8,0.3636,9,2.45,1159.76
tuberculos,16.0,23,0.7188,5,2.04,1173.75
lacteos,220.0,2,0.4,4,1.42,3280.85
frutas,120.0,14,0.7368,1,12.89,4228.64
otros,550.0,26,0.7879,12,4.94,2824.97
hortalizas,612.5,0,0.0,10,5.56,1402.97
frutas,50.0,10,0.9091,2,5.54,3894.49
frutas,1600.0,19,1.0,6,1.68,2493.69
granos,400.0,139,0.9586,7,5.26,4537.4
tuberculos,287.5,26,0.4561,3,9.94,1424.16
frutas,40.0,2,0.1429,1,3.06,2098.9
hortalizas,53.0,0,0.0,10,1.56,1219.35
tuberculos,37.5,46,0.8364,4,4.05,1471.01
hortalizas,680.0,7,0.6364,3,4.4,2095.96
frutas,662.5,7,1.0,11,6.92,3230.38
lacteos,562.5,2,0.4,4,6.22,3665.82
tuberculos,575.0,26,0.963,10,5.9,1899.13
granos,59.0,120,0.8511,4,3.33,4383.41
otros,600.0,37,1.0,7,2.8,2520.89
lacteos,700.0,13,0.8667,6,5.1,3685.83
hortalizas,1040.0,1,0.1,7,2.32,1040.58
tuberculos,1100.0,17,0.2881,8,8.76,1694.28
lacteos,12.0,8,0.8,10,0.77,3443.03
frutas,33.0,1,0.0556,3,4.09,2053.53
hortalizas,312.5,1,0.1667,6,1.81,1120.35
frutas,550.0,13,0.7647,11,2.59,2399.88
granos,22.0,162,0.6983,2,12.93,4134.33
granos,750.0,211,0.6594,12,5.24,3635.41
granos,375.0,39,0.1238,12,12.76,2752.33
tuberculos,20.0,50,0.9259,2,3.43,1349.12
granos,900.0,145,0.9355,2,0.75,3117.96
tuberculos,587.5,33,0.6471,4,1.82,1149.38
frutas,27.0,6,0.4286,12,5.26,2687.13
granos,54.0,33,0.0968,3,0.5,2470.11
lacteos,425.0,0,0.0,5,1.94,1802.99
frutas,537.5,3,0.5,8,3.89,2058.44
frutas,840.0,0,0.0,4,1.74,1706.32
tuberculos,87.5,7,0.1373,11,2.92,1045.09
lacteos,920.0,14,0.9333,8,1.25,3158.47
frutas,1000.0,0,0.0,3,3.11,1865.63
tuberculos,137.5,9,0.2727,5,8.18,1166.8
frutas,44.0,6,0.6667,1,1.28,3120.79
granos,437.5,9,0.0366,7,0.35,2278.83
hortalizas,4.0,6,1.0,8,4.28,2541.3
otros,58.0,22,0.55,10,10.0,3750.42
otros,2750.0,3,0.075,9,2.78,1515.6
frutas,820.0,1,0.0909,4,2.91,2245.25
hortalizas,550.0,5,0.3846,2,9.07,2528.41
tuberculos,25.0,10,0.2564,5,0.31,979.16
tuberculos,700.0,29,0.7838,1,2.91,1371.62
tuberculos,387.5,28,0.5957,7,3.58,1469.75
frutas,425.0,5,0.2778,6,2.41,2302.37
tuberculos,225.0,36,0.9231,1,5.11,1442.75
tuberculos,537.5,1,0.0263,1,5.84,855.02
hortalizas,2.0,3,0.2308,2,0.68,1719.81
lacteos,1000.0,8,1.0,7,0.89,3126.45
tuberculos,800.0,16,0.3077,4,2.48,881.82
hortalizas,2100.0,5,0.3571,10,4.07,1654.24
tuberculos,475.0,12,0.5217,11,7.06,1512.89
granos,725.0,271,0.8799,3,5.65,4176.2
otros,262.5,0,0.0,8,1.1,1520.08
hortalizas,1850.0,10,0.9091,3,4.54,2297.6
lacteos,112.5,2,0.4,5,5.94,3698.1
frutas,1180.0,0,0.0,10,6.9,1857.6
lacteos,280.0,1,0.1667,6,0.55,2051.19
otros,1950.0,3,0.0625,12,6.97,1752.06
hortalizas,340.0,3,0.2308,6,8.5,1740.48
tuberculos,312.5,38,0.8636,2,3.24,1279.58
otros,7.0,8,0.4706,9,2.23,2343.27
hortalizas,662.5,7,0.6364,10,5.27,2269.15
frutas,1400.0,5,0.4167,11,4.75,2434.92
tuberculos,17.0,5,0.1724,11,5.0,1314.34
otros,1140.0,2,0.0556,11,8.54,2284.64
lacteos,45.0,2,0.6667,1,2.24,4187.0
otros,40.0,4,0.5714,6,2.3,2177.06
hortalizas,2400.0,3,0.2727,12,1.49,1613.96
frutas,300.0,13,0.8667,11,8.96,3255.02
hortalizas,500.0,1,0.125,4,4.1,1381.22
granos,337.5,139,0.7394,12,2.09,2484.07
granos,3.0,182,0.8922,6,8.79,6629.6
frutas,412.5,2,0.125,7,4.74,1989.32
hortalizas,1020.0,12,0.9231,3,2.17,1978.45
lacteos,575.0,4,0.4,10,1.27,3199.12
tuberculos,500.0,37,0.6852,2,0.86,1141.27
frutas,28.0,6,0.3529,3,5.91,3728.17
otros,225.0,24,0.6667,10,3.02,2700.39
tuberculos,120.0,24,0.6,3,2.16,908.2
frutas,800.0,2,0.4,3,2.54,2726.98
lacteos,39.0,0,0.0,9,5.63,2526.8
granos,587.5,80,0.293,6,6.22,4077.71
hortalizas,1140.0,10,0.9091,9,4.29,1822.94
hortalizas,38.0,10,0.7692,2,0.45,2066.13
lacteos,34.0,4,0.3333,6,7.13,3508.53
lacteos,62.5,0,0.0,12,4.92,2521.85
otros,2700.0,10,0.5556,2,1.81,1812.0
frutas,62.5,15,0.7895,10,5.47,2984.37
granos,1550.0,126,0.9545,9,0.64,3721.05
otros,687.5,50,0.9804,3,3.9,2193.0
otros,49.0,13,0.2407,10,10.67,2534.92
hortalizas,34.0,1,0.0769,12,6.05,1882.67
lacteos,60.0,3,0.6,11,5.16,4460.06
hortalizas,2700.0,2,0.2,1,3.88,1835.8
granos,42.0,43,0.1276,1,0.55,2076.43
frutas,37.5,17,0.85,4,1.97,3338.3
lacteos,137.5,1,0.3333,3,3.01,3614.99
tuberculos,480.0,39,0.9286,3,4.77,1437.05
otros,35.0,10,0.6667,7,0.72,2203.7
lacteos,44.0,9,1.0,10,0.53,3492.71
frutas,48.0,14,0.8235,4,6.49,3691.3
otros,1600.0,5,0.1389,8,4.11,1745.1
granos,35.0,211,0.6011,1,1.04,2786.86
tuberculos,412.5,3,0.1034,3,4.46,828.09
tuberculos,300.0,23,0.8214,9,1.82,1533.89
hortalizas,562.5,1,0.1429,5,0.89,1014.21
hortalizas,49.0,6,1.0,2,2.87,2684.53
granos,1200.0,10,0.082,1,6.53,2672.19
granos,1450.0,161,0.7285,6,1.38,3876.41
tuberculos,2900.0,6,0.2857,8,1.25,1246.24
otros,50.0,29,0.537,6,2.98,2212.51
tuberculos,37.0,12,0.3,3,4.27,1074.94
tuberculos,120.0,3,0.1364,12,2.73,1244.98
lacteos,760.0,1,0.1667,7,3.84,2668.1
frutas,625.0,10,0.9091,6,9.01,3698.95
granos,175.0,302,0.8728,4,2.24,3383.11
tuberculos,450.0,9,0.3913,4,0.87,1035.47
frutas,540.0,7,0.875,2,1.83,3515.36
granos,475.0,196,0.6469,4,3.77,4330.1
frutas,900.0,5,0.4167,11,2.34,2087.47
tuberculos,1050.0,20,0.8333,9,1.1,1369.2
granos,820.0,165,0.642,10,1.2,2718.72
hortalizas,587.5,3,0.3333,4,0.53,1209.28
frutas,860.0,0,0.0,10,4.81,1629.86
granos,120.0,77,0.4556,12,1.81,2981.33
otros,1140.0,0,0.0,7,4.42,1408.71
tuberculos,300.0,15,0.3846,1,1.3,1094.87
tuberculos,1040.0,23,0.6053,10,5.68,1660.07
frutas,59.0,9,0.5,6,1.33,2490.4
tuberculos,580.0,45,1.0,11,2.22,1489.06
otros,36.0,10,0.5882,12,3.43,2414.42
otros,800.0,32,0.8889,12,8.16,3219.9
hortalizas,22.0,12,0.9231,7,6.48,2419.9
tuberculos,780.0,10,0.3125,4,8.9,1072.99
lacteos,300.0,0,0.0,2,1.14,2534.32
frutas,200.0,1,0.1111,8,1.98,1730.61
hortalizas,150.0,15,1.0,11,2.22,2154.81
tuberculos,57.0,6,0.1154,3,1.16,832.88
frutas,23.0,4,0.2105,4,0.39,2097.39
tuberculos,14.0,16,0.3404,1,0.94,1090.94
frutas,18.0,4,0.2857,2,8.87,3585.0
frutas,2350.0,3,0.4286,2,4.24,2571.58
lacteos,1060.0,0,0.0,3,0.75,2128.94
lacteos,2650.0,0,0.0,10,2.93,2069.55
granos,600.0,96,0.5614,1,1.69,2547.43
frutas,1350.0,7,1.0,1,6.44,3658.3
frutas,850.0,2,0.1111,7,2.58,1710.15
frutas,36.0,8,0.6154,6,10.53,3273.68
granos,250.0,295,0.9395,2,6.72,4711.57
frutas,900.0,14,0.9333,8,0.78,2224.53
lacteos,12.0,0,0.0,7,0.91,1914.26
hortalizas,1160.0,0,0.0,9,3.68,1208.17
otros,41.0,7,0.4667,4,6.82,2178.84
otros,100.0,17,0.68,1,7.18,2787.33
granos,2350.0,175,0.7447,5,6.33,4731.23
frutas,400.0,3,0.6,2,6.08,3827.11
hortalizas,562.5,0,0.0,10,3.35,1196.21
lacteos,31.0,12,0.9231,2,2.1,4598.53
granos,1120.0,12,0.1101,12,4.08,2234.91
tuberculos,80.0,30,0.6522,6,6.35,1786.66
otros,100.0,14,0.6364,10,5.26,2868.88
tuberculos,260.0,5,0.1111,11,3.3,1024.86
frutas,350.0,9,0.6,7,3.84,2392.98
tuberculos,537.5,8,0.2353,3,0.73,831.18
lacteos,180.0,3,1.0,3,0.25,4360.8
otros,2000.0,19,0.3585,2,4.79,1890.15
granos,550.0,255,0.7727,9,8.94,4587.08
lacteos,340.0,0,0.0,3,1.61,2442.49
hortalizas,41.0,3,0.3333,8,3.52,1619.4
frutas,625.0,7,0.5833,4,3.09,2674.48
granos,1800.0,141,0.6779,5,3.1,3289.5
granos,25.0,84,0.2386,7,3.1,3601.82
granos,320.0,128,0.7711,7,3.99,4367.28
granos,260.0,278,0.9653,7,2.95,4366.73
granos,400.0,261,0.956,5,3.51,3991.83
frutas,237.5,3,0.3333,6,1.22,1705.41
granos,2150.0,115,0.7516,11,4.17,2976.78
lacteos,87.5,0,0.0,3,2.61,2194.03
lacteos,260.0,11,0.9167,8,0.99,3587.14
hortalizas,1600.0,7,0.5,6,4.66,1548.72
hortalizas,37.5,5,1.0,1,3.06,2402.19
lacteos,59.0,8,1.0,4,6.53,4857.57
otros,275.0,4,0.2105,1,10.76,2499.97
frutas,237.5,6,1.0,1,0.31,2844.54
lacteos,1040.0,2,0.2222,2,5.24,3798.31
lacteos,2050.0,1,0.25,2,2.51,3138.35
otros,612.5,45,1.0,8,9.16,3890.44
otros,562.5,26,0.4727,8,2.59,2310.56
lacteos,1750.0,3,0.75,9,2.88,3388.77
lacteos,200.0,7,0.5385,12,4.37,4720.92
otros,600.0,29,0.725,7,1.75,1870.83
hortalizas,360.0,5,0.5556,6,1.32,1416.85
otros,20.0,6,0.2,5,5.76,2118.73
frutas,337.5,5,0.3333,4,3.57,2314.94
frutas,46.0,9,0.6,10,2.6,2133.13
lacteos,25.0,2,0.6667,10,3.25,4182.42
hortalizas,12.5,4,0.3077,9,2.57,1427.03
granos,560.0,30,0.1887,8,2.51,3011.18
lacteos,51.0,0,0.0,11,1.96,2888.53
frutas,180.0,9,0.6923,1,5.44,2830.74
otros,840.0,5,0.1786,10,1.48,1806.49
granos,14.0,218,0.8417,6,7.26,5081.05
hortalizas,500.0,10,1.0,2,1.77,2424.06
tuberculos,360.0,17,0.4595,1,1.32,957.93
otros,920.0,40,0.6897,1,2.6,2230.62
frutas,175.0,2,0.2,1,2.67,2198.09
granos,8.0,103,0.7254,12,1.82,3171.79
hortalizas,287.5,9,0.8182,8,3.24,2051.29
lacteos,1900.0,10,0.7143,3,2.81,3580.64
otros,400.0,6,0.1132,9,6.07,2103.7
frutas,1100.0,6,0.4286,1,4.06,2597.73
otros,125.0,3,0.4286,6,1.09,1701.52
otros,712.5,13,0.26,4,2.94,1756.36
tuberculos,212.5,5,0.1316,10,0.94,985.87
lacteos,1550.0,11,0.7333,12,3.67,3531.04
otros,640.0,13,0.8667,4,4.84,2042.85
lacteos,28.0,3,0.25,5,2.83,2817.06
tuberculos,1180.0,18,0.4286,6,4.62,1214.86
hortalizas,600.0,13,1.0,8,1.22,1710.58
tuberculos,450.0,43,0.86,4,6.94,1655.62
granos,2550.0,220,0.7914,6,15.18,4890.08
granos,425.0,154,0.4639,12,2.06,2738.72
otros,1350.0,7,0.1628,1,0.1,1376.63
otros,25.0,2,0.2222,11,2.03,2302.44
frutas,200.0,11,0.7333,12,3.93,3399.08
tuberculos,400.0,5,0.1667,12,9.04,1377.22
granos,450.0,193,0.7782,6,4.04,4214.45
granos,6.0,73,0.2561,6,0.44,3532.19
tuberculos,6.0,36,0.6207,10,0.4,1565.07
tuberculos,1160.0,17,0.4722,7,3.65,1315.54
granos,2850.0,120,0.7273,6,2.11,3655.4
granos,587.5,89,0.3853,7,0.5,2686.47
hortalizas,662.5,10,0.8333,6,0.81,1566.35
lacteos,2100.0,10,0.7143,5,6.25,3293.22
granos,280.0,257,0.9449,12,7.49,4141.97
otros,362.5,11,1.0,1,3.07,2631.38
frutas,38.0,0,0.0,9,2.04,1197.75
granos,537.5,87,0.8969,8,11.28,4192.33
lacteos,2750.0,8,0.8,11,9.53,5370.37
frutas,560.0,3,0.6,9,6.51,2249.2
lacteos,687.5,9,0.8182,12,9.22,5010.69
hortalizas,287.5,2,0.1429,6,3.69,1211.43
granos,240.0,196,0.7206,7,1.93,3980.44
frutas,150.0,2,0.1667,8,1.94,1850.69
hortalizas,250.0,8,0.6667,1,1.17,2012.94
otros,52.0,0,0.0,6,1.98,1370.78
tuberculos,23.0,1,0.0385,7,1.13,900.52
granos,2250.0,4,0.0143,9,10.0,2464.44
lacteos,462.5,6,0.6,6,5.21,3220.11
hortalizas,40.0,9,1.0,10,3.49,2690.09
hortalizas,360.0,10,0.6667,1,1.81,2321.23
granos,1000.0,178,0.6717,10,6.14,3370.61
granos,225.0,8,0.0255,10,0.67,1624.37
tuberculos,712.5,1,0.027,12,7.28,975.53
lacteos,42.0,7,0.7778,1,2.05,5235.22
granos,1850.0,45,0.3814,8,7.08,4006.03
tuberculos,25.0,5,0.2083,6,3.07,1224.99
tuberculos,350.0,5,0.0962,7,8.15,1402.71
lacteos,750.0,0,0.0,5,4.05,1978.38
tuberculos,280.0,19,0.8636,3,7.4,1555.02
hortalizas,420.0,0,0.0,8,2.87,1004.0
tuberculos,625.0,21,0.4286,7,7.64,1662.73
granos,550.0,148,0.6271,5,5.53,4571.71
hortalizas,29.0,5,1.0,1,5.67,3104.17
granos,237.5,66,0.3204,7,1.76,3296.29
frutas,940.0,8,0.4444,11,0.84,1676.11
frutas,275.0,5,0.625,11,2.61,2465.95
tuberculos,425.0,19,0.7308,7,3.26,1524.09
lacteos,18.0,2,0.25,5,4.15,3393.23
frutas,52.0,8,0.5333,5,1.48,2560.14
granos,1100.0,87,0.3152,8,4.42,3007.54
frutas,62.5,6,0.75,5,2.85,2865.23
lacteos,160.0,2,0.6667,5,3.19,3242.46
frutas,660.0,16,1.0,1,3.67,2969.49
frutas,300.0,12,0.6,5,1.58,2671.91
frutas,580.0,5,1.0,9,4.93,2646.82
lacteos,450.0,0,0.0,4,2.77,2460.79
lacteos,450.0,9,0.8182,4,2.11,3838.04
tuberculos,140.0,5,0.1613,10,3.38,1294.2
frutas,80.0,4,0.6667,8,8.96,3362.51
tuberculos,41.0,29,0.725,10,6.87,2111.27
granos,640.0,90,0.4592,5,3.19,3481.71
lacteos,212.5,6,0.4286,8,1.81,2806.62
granos,75.0,103,0.3199,7,7.19,3622.82
tuberculos,75.0,1,0.0222,4,4.89,930.26
hortalizas,625.0,7,0.4667,5,4.86,1429.85
tuberculos,300.0,24,0.4068,3,6.64,1080.64
hortalizas,50.0,5,1.0,5,2.56,1893.73
frutas,1750.0,4,0.5,5,1.25,2308.58
otros,800.0,50,0.9434,4,2.25,2038.09
hortalizas,420.0,6,0.5,10,4.86,2019.4
tuberculos,55.0,19,0.8261,1,2.35,1494.12
otros,29.0,10,0.4167,12,3.34,2598.81
otros,240.0,0,0.0,5,0.31,957.75
granos,700.0,96,0.6154,5,3.55,4193.43
otros,1200.0,32,0.6809,9,3.93,2706.37
frutas,45.0,2,0.3333,2,5.56,3250.14
hortalizas,112.5,3,0.5,10,2.99,2094.19
lacteos,37.5,13,0.8667,11,4.8,5157.6
granos,75.0,146,0.6606,4,2.98,3979.88
frutas,525.0,3,0.2,4,0.74,2042.97
lacteos,575.0,2,0.1667,7,3.88,2465.94
hortalizas,23.0,3,0.2,5,2.37,1099.63
frutas,350.0,1,0.125,11,2.18,1725.67
granos,1100.0,167,0.5475,12,2.65,2460.61
otros,350.0,29,0.8788,1,1.3,2346.64
otros,537.5,11,0.5789,9,3.0,2648.01
frutas,50.0,6,0.4286,11,4.83,2435.86
frutas,100.0,12,0.8571,4,5.64,3921.2
hortalizas,800.0,4,0.2857,4,2.28,1394.37
frutas,662.5,6,0.75,4,4.36,3487.38
granos,380.0,276,0.9857,5,4.16,4992.8
tuberculos,600.0,40,0.8163,8,5.61,1558.72
tuberculos,587.5,4,0.0816,12,2.39,761.47
lacteos,725.0,5,0.3846,12,4.18,3632.37
otros,262.5,10,0.2222,11,10.9,2640.12
tuberculos,437.5,5,0.1064,5,1.92,834.12
hortalizas,400.0,9,0.9,12,3.59,2678.01
frutas,100.0,15,0.8824,3,6.73,3482.54
frutas,2350.0,0,0.0,5,3.54,1667.41
hortalizas,4.0,0,0.0,2,0.97,1154.16
tuberculos,480.0,47,1.0,5,6.54,1606.77
frutas,225.0,0,0.0,12,9.7,2063.08
granos,51.0,62,0.521,10,2.12,2818.88
hortalizas,15.0,10,1.0,9,1.63,2000.99
granos,287.5,220,0.9955,7,3.3,4413.2
otros,10.0,0,0.0,8,3.08,1500.48
hortalizas,49.0,1,0.1667,11,3.36,1671.51
granos,212.5,83,0.3532,5,0.26,2870.47
granos,1600.0,227,0.7138,1,6.41,3386.79
lacteos,25.0,6,0.4286,12,4.59,4129.14
tuberculos,9.0,1,0.04,1,8.22,1161.06
otros,50.0,18,0.4737,5,5.26,2017.71
hortalizas,1800.0,11,0.7333,10,10.74,2570.43
frutas,15.0,0,0.0,6,1.24,1667.05
hortalizas,860.0,0,0.0,5,2.48,933.97
frutas,512.5,11,0.6111,1,1.26,2603.41
granos,700.0,121,0.6798,11,4.83,3153.76
lacteos,675.0,1,0.3333,7,2.21,2558.83
granos,575.0,130,0.6599,11,4.14,3423.7
granos,1850.0,147,0.7737,5,1.06,3804.01
frutas,200.0,10,0.9091,3,2.52,3048.32
tuberculos,36.0,8,0.1633,1,4.73,1003.8
frutas,15.0,6,0.75,1,1.7,3095.35
granos,300.0,57,0.5229,7,2.73,3258.51
hortalizas,2200.0,7,0.875,7,5.54,1674.98
frutas,46.0,3,0.3333,5,4.48,3343.38
otros,200.0,39,1.0,2,2.69,2185.47
hortalizas,712.5,7,0.875,9,2.08,1725.3
lacteos,662.5,14,0.9333,9,3.4,4270.81
hortalizas,620.0,4,0.2857,8,1.9,1329.42
otros,6.0,12,0.6667,3,3.79,2162.08
frutas,960.0,9,0.4737,4,5.87,3158.12
frutas,350.0,16,1.0,2,2.95,3440.65
tuberculos,12.0,38,0.6333,1,4.83,1538.2
lacteos,387.5,11,1.0,7,3.55,4046.75
hortalizas,500.0,2,0.1538,4,12.49,1618.77
hortalizas,400.0,9,0.75,1,1.53,2274.29
tuberculos,537.5,4,0.2,8,10.27,1638.2
hortalizas,600.0,6,0.6,6,0.92,1225.66
hortalizas,740.0,3,0.25,6,3.11,1288.49
frutas,53.0,3,0.6,11,0.95,2351.72
lacteos,560.0,3,0.2308,11,6.08,3872.37
hortalizas,375.0,11,1.0,3,3.13,2257.39
frutas,1180.0,4,0.2857,9,1.83,1822.34
otros,1000.0,4,0.1818,5,1.36,1327.43
tuberculos,550.0,8,0.4,1,6.34,1317.84
frutas,2350.0,15,0.8824,1,0.35,2263.9
frutas,200.0,1,0.1111,1,3.23,2336.2
frutas,2300.0,2,0.4,3,1.4,2420.53
granos,1050.0,29,0.1107,1,2.37,2190.75
otros,150.0,9,0.2571,11,6.34,2565.0
tuberculos,325.0,24,0.5581,8,3.15,1385.21
lacteos,520.0,11,1.0,12,9.46,5583.75
tuberculos,1800.0,43,0.7818,4,3.22,1323.19
hortalizas,29.0,0,0.0,4,2.63,1108.81
hortalizas,46.0,4,0.8,4,4.14,1882.47
granos,6.0,247,0.6786,4,3.56,4502.79
otros,1120.0,0,0.0,1,3.18,1390.06
hortalizas,980.0,4,0.5714,3,3.55,1941.32
granos,1450.0,193,0.5902,8,1.55,2950.77
lacteos,1150.0,2,0.2222,12,10.94,4304.02
lacteos,50.0,2,0.6667,8,2.1,3229.18
granos,9.0,115,0.7616,9,5.11,4493.83
granos,19.0,199,0.7082,3,7.86,4676.5
lacteos,2100.0,3,0.4286,3,0.65,3204.98
otros,337.5,21,0.5526,9,1.19,2183.07
granos,1050.0,144,0.5783,9,4.3,3197.2
granos,2900.0,32,0.2013,4,10.27,2985.78
otros,960.0,8,0.5333,9,4.18,2246.64
hortalizas,187.5,13,0.8667,1,2.13,2182.79
lacteos,500.0,2,0.2222,12,4.73,3772.18
tuberculos,2900.0,0,0.0,1,2.98,667.36
hortalizas,100.0,1,0.1429,6,4.16,1265.03
frutas,7.0,3,0.3333,2,8.21,3048.95
otros,750.0,2,0.1429,9,2.03,1834.31
frutas,140.0,16,1.0,3,4.59,4118.17
otros,1150.0,53,1.0,1,2.55,2470.65
lacteos,1700.0,6,0.8571,4,12.28,4688.17
lacteos,375.0,0,0.0,12,1.4,2032.47
otros,33.0,6,0.6,1,3.09,2186.05
hortalizas,100.0,9,1.0,1,5.35,2702.86
hortalizas,6.0,4,0.2667,1,1.57,1928.61
granos,550.0,18,0.2,8,7.45,3589.36
granos,200.0,45,0.2632,1,6.92,3172.16
tuberculos,840.0,22,0.6667,5,6.19,1418.37
hortalizas,20.0,3,0.2308,5,2.94,1247.53
granos,2400.0,152,0.9441,10,0.87,2693.63
frutas,260.0,2,0.4,8,3.58,2444.11
otros,15.0,0,0.0,6,11.3,1912.54
frutas,212.5,2,0.1667,10,1.87,1691.42
hortalizas,2250.0,7,0.7,11,5.5,2173.04
otros,512.5,5,0.625,4,3.32,1975.18
tuberculos,24.0,11,0.2973,5,8.1,1316.67
lacteos,35.0,7,0.4667,5,1.09,3241.45
lacteos,2100.0,9,0.75,1,2.81,4078.88
lacteos,900.0,2,0.1667,3,1.92,3070.7
granos,600.0,235,0.746,12,0.27,2542.09
otros,1140.0,19,0.6333,6,0.68,1893.89
granos,450.0,0,0.0,3,0.39,1975.34
tuberculos,360.0,5,0.125,11,1.69,1061.52
granos,6.0,18,0.125,11,2.18,2357.55
hortalizas,437.5,14,1.0,11,4.74,3084.22
granos,40.0,84,0.4375,12,4.04,2985.09
granos,37.0,201,0.8894,10,3.37,3225.49
hortalizas,60.0,5,0.4545,11,0.48,1946.94
frutas,2850.0,3,0.2308,9,4.6,1684.96
granos,1850.0,150,0.8621,5,5.25,4272.77
otros,1350.0,0,0.0,2,8.33,1572.01
hortalizas,20.0,9,0.8182,2,3.99,2377.69
lacteos,287.5,7,1.0,7,1.42,3645.44
hortalizas,450.0,5,0.5,10,1.06,1541.63
hortalizas,1250.0,2,0.1818,3,1.94,1182.73
frutas,720.0,0,0.0,2,3.52,1893.24
tuberculos,250.0,39,0.7091,8,8.17,2037.32
otros,260.0,20,0.8,3,18.48,2442.59
frutas,1160.0,7,0.4667,7,5.45,2799.73
granos,425.0,154,0.5033,6,2.84,3378.78
tuberculos,687.5,12,0.4444,4,2.96,1022.77
otros,240.0,20,0.4,4,0.59,1560.13
frutas,1160.0,19,0.95,3,3.4,3081.31
granos,1550.0,94,0.5987,5,14.56,4734.56
tuberculos,112.5,28,0.6364,6,3.48,1414.9
hortalizas,1200.0,5,0.5,3,4.81,1962.77
otros,300.0,9,0.45,5,2.83,1991.34
otros,240.0,6,0.6,1,6.24,2573.4
tuberculos,462.5,5,0.0833,2,0.82,851.1
frutas,212.5,3,0.6,12,3.1,2583.2
hortalizas,1900.0,3,0.4286,9,7.35,1930.96
otros,2000.0,29,0.6304,6,0.81,1623.8
tuberculos,1900.0,29,0.6304,3,0.24,771.96
otros,200.0,32,0.5818,1,1.24,1894.01
frutas,36.0,9,0.5294,2,2.52,3342.92
granos,712.5,44,0.1888,12,3.94,2296.53
frutas,350.0,9,0.4737,4,2.23,2667.99
hortalizas,15.0,2,0.2,5,2.07,1457.69
otros,340.0,6,0.8571,2,5.44,2828.72
otros,150.0,36,0.8372,10,2.21,2883.25
otros,60.0,9,0.1579,4,6.59,2112.43
hortalizas,960.0,7,1.0,1,3.29,2109.64
otros,14.0,4,0.1379,10,3.11,2141.18
granos,480.0,248,0.6889,3,2.32,3172.54
hortalizas,14.0,3,0.2727,8,0.25,1156.82
hortalizas,425.0,9,0.6429,2,0.35,1487.59
hortalizas,87.5,12,0.9231,4,4.33,2064.5
lacteos,1040.0,5,1.0,9,5.95,4428.07
hortalizas,1200.0,7,0.7778,2,2.75,1936.52
frutas,480.0,5,0.3333,8,6.16,2278.82
otros,41.0,21,0.3889,2,0.86,1641.76
otros,40.0,4,0.2857,3,1.23,1613.69
granos,360.0,135,0.4909,11,3.55,3005.98
hortalizas,62.5,9,0.8182,1,4.21,2757.57
frutas,45.0,9,0.5294,3,1.11,2671.76
frutas,1200.0,5,0.5,1,3.19,2568.98
otros,42.0,22,0.5366,9,6.14,2859.35
frutas,500.0,2,0.1538,6,1.03,1795.28
frutas,900.0,6,0.5455,8,1.04,1686.71
frutas,50.0,4,0.2105,4,4.61,2712.4
tuberculos,162.5,17,0.7083,8,2.27,1368.85
frutas,1600.0,5,0.625,9,3.23,2238.65
granos,137.5,140,0.5809,11,0.49,2895.94
tuberculos,1300.0,19,0.3519,6,11.16,1451.03
lacteos,300.0,5,0.5,7,5.48,3317.86
granos,1550.0,39,0.1893,9,7.94,2631.51
granos,12.0,54,0.3439,4,4.45,3971.89
tuberculos,337.5,14,0.3889,8,4.0,1323.22
granos,54.0,57,0.5,4,4.38,3816.06
tuberculos,7.0,21,0.3962,9,4.92,1944.23
granos,17.0,18,0.1856,4,1.47,2797.43
tuberculos,2800.0,29,0.6744,12,5.55,1386.52
tuberculos,760.0,42,0.7368,1,1.23,1142.98
granos,850.0,51,0.2116,2,2.26,2370.59
frutas,312.5,9,0.5,8,2.07,2079.61
tuberculos,1050.0,16,0.5926,10,5.56,1405.35
otros,1140.0,17,0.5,1,4.7,2243.53
granos,2200.0,69,0.3317,11,1.87,2300.83
frutas,2350.0,1,0.0909,7,7.49,1949.38
otros,700.0,36,0.973,2,4.09,2364.17
hortalizas,637.5,2,0.4,2,2.54,1794.78
tuberculos,21.0,0,0.0,3,3.23,872.72
otros,7.0,15,0.8824,9,3.4,3197.48
granos,2000.0,110,0.9821,6,6.27,4398.94
otros,21.0,16,0.381,2,4.01,2041.06
otros,225.0,18,0.3,7,3.43,1959.1
frutas,960.0,12,0.75,1,2.66,2985.23
hortalizas,225.0,2,0.4,2,0.69,1590.36
frutas,620.0,11,1.0,8,2.43,2746.51
granos,2350.0,23,0.1353,10,3.99,2250.47
tuberculos,675.0,14,0.2917,8,8.28,1492.73
hortalizas,712.5,8,0.6154,2,3.02,2123.99
tuberculos,250.0,36,0.6316,2,8.97,1500.98
otros,12.0,5,0.2632,7,1.34,1720.26
otros,880.0,52,0.9286,12,5.05,2812.45
lacteos,100.0,5,1.0,11,1.33,3902.96
otros,600.0,7,0.1556,1,1.28,1356.13
hortalizas,48.0,9,0.9,11,4.92,2749.77
tuberculos,400.0,52,0.963,7,4.23,1582.5
otros,640.0,35,0.7447,4,2.03,1814.89
frutas,50.0,1,0.1111,4,1.21,2636.63
granos,2000.0,106,0.9381,2,0.61,3054.27
frutas,30.0,0,0.0,3,3.03,2169.42
otros,80.0,19,0.5588,12,3.43,2426.81
tuberculos,160.0,5,0.1923,6,8.36,1321.4
hortalizas,580.0,10,0.7692,4,6.55,2072.98
tuberculos,57.0,9,0.1636,5,6.66,1181.3
granos,550.0,108,0.4843,7,2.54,3680.17
frutas,675.0,3,0.2727,12,1.25,1938.95
frutas,87.5,1,0.0833,9,2.53,1764.6
granos,500.0,114,0.5229,9,2.85,3208.41
granos,42.0,194,0.5706,1,1.44,2255.03
otros,37.0,3,0.0588,2,1.58,1384.52
hortalizas,2400.0,3,0.4286,11,5.63,2198.93
lacteos,23.0,4,0.3636,10,3.45,3495.76
tuberculos,31.0,37,0.9737,2,9.71,1667.0
frutas,1750.0,12,0.7059,2,1.36,2650.36
tuberculos,512.5,10,0.1667,1,3.07,1010.06
hortalizas,2000.0,3,0.6,11,1.18,1821.77
granos,175.0,281,0.9656,5,4.8,4405.12
hortalizas,34.0,9,0.9,4,5.04,2325.37
granos,3.0,115,0.8582,10,4.49,5192.85
granos,2700.0,98,0.4434,8,2.39,2922.38
granos,40.0,11,0.0719,8,12.18,3134.95
frutas,1700.0,0,0.0,1,0.81,1437.22
lacteos,362.5,12,0.9231,1,3.27,4486.4
tuberculos,287.5,24,0.7273,11,3.3,1684.27
lacteos,34.0,2,0.1333,9,1.81,2786.13
hortalizas,29.0,5,0.3846,6,0.79,1340.86
tuberculos,725.0,14,0.2692,3,0.73,884.24
granos,2000.0,24,0.2353,1,2.05,2131.03
frutas,1100.0,7,1.0,11,8.58,3351.64
lacteos,10.0,3,0.6,9,2.47,4280.96
hortalizas,687.5,9,0.6923,9,4.36,2020.38
tuberculos,700.0,24,0.8276,9,0.5,1148.52
tuberculos,2600.0,10,0.4545,2,1.17,930.67
frutas,300.0,7,0.4375,5,0.77,2324.86
otros,312.5,7,0.7778,6,4.04,2191.04
lacteos,462.5,0,0.0,11,4.85,2809.62
tuberculos,1050.0,35,0.8974,4,8.99,1714.78
frutas,700.0,5,0.4167,3,1.83,2339.1
hortalizas,460.0,4,0.4444,10,1.01,1719.07
tuberculos,2000.0,8,0.1905,1,3.04,964.2
granos,260.0,76,0.6333,7,6.35,4312.24
lacteos,2950.0,7,0.7,1,0.39,3182.24
tuberculos,29.0,14,0.6087,11,5.55,1667.75
frutas,1180.0,5,1.0,1,0.25,2733.22
frutas,100.0,2,0.1818,7,1.55,1793.75
frutas,17.0,5,1.0,10,4.04,2822.75
tuberculos,275.0,7,0.1556,8,1.3,1119.27
tuberculos,20.0,20,0.4444,5,4.44,1318.41
granos,500.0,272,0.886,12,2.0,2942.11
tuberculos,350.0,9,0.3103,3,1.1,958.72
tuberculos,137.5,40,0.8163,1,4.76,1215.08
lacteos,54.0,2,0.3333,11,4.07,3834.94
tuberculos,250.0,18,0.4615,5,9.45,1432.4
hortalizas,58.0,5,0.3846,12,2.11,1985.95
tuberculos,1040.0,0,0.0,4,2.93,656.18
hortalizas,2150.0,2,0.3333,1,6.75,1819.03
otros,137.5,22,0.6875,7,8.24,3357.28
frutas,31.0,2,0.1176,12,1.64,1548.07
otros,175.0,8,0.6667,12,6.94,2988.69
hortalizas,32.0,10,0.9091,8,3.21,2269.2
granos,2500.0,49,0.25,4,2.68,2788.85
tuberculos,2350.0,13,0.4483,9,6.06,1550.32
lacteos,237.5,1,0.25,11,7.54,3783.77
otros,360.0,15,0.3125,11,2.67,2195.21
lacteos,23.0,4,0.8,3,9.3,5896.54
otros,1750.0,12,0.5,1,1.29,1613.35
granos,47.0,51,0.3036,1,2.42,2789.45
frutas,1550.0,6,0.6667,4,4.82,3315.48
tuberculos,550.0,7,0.1892,4,1.76,921.38
granos,12.0,3,0.0161,1,2.33,1909.01
frutas,240.0,7,0.3889,1,9.11,3468.59
otros,287.5,0,0.0,1,6.98,1780.06
otros,40.0,35,0.7778,9,8.62,3642.08
lacteos,19.0,1,0.1667,5,0.42,2694.78
tuberculos,16.0,44,0.7586,4,1.32,1233.84
frutas,750.0,9,0.6923,2,4.47,3209.34
lacteos,637.5,3,0.6,9,2.9,3525.63
lacteos,380.0,1,0.3333,10,4.43,3223.99
lacteos,587.5,14,1.0,5,1.65,3567.64
hortalizas,320.0,2,0.1818,5,3.02,1261.07
lacteos,2350.0,0,0.0,8,5.91,2283.19
lacteos,2900.0,6,0.4,5,2.77,2878.34
lacteos,2950.0,2,0.25,2,3.92,3213.04
tuberculos,2500.0,9,0.2143,2,1.5,802.52
hortalizas,24.0,2,0.2857,11,5.51,2149.2
hortalizas,43.0,2,0.1667,3,4.21,1721.1
lacteos,662.5,8,0.6154,9,1.84,3293.86
otros,36.0,4,0.1818,10,5.11,2564.44
frutas,2650.0,3,0.5,6,11.44,2883.92
hortalizas,262.5,4,0.6667,8,0.28,1667.55
lacteos,125.0,2,0.5,11,2.85,3354.05
lacteos,13.0,5,0.5556,1,0.9,4434.38
tuberculos,39.0,12,0.5714,11,1.47,1407.81
otros,1050.0,17,0.3696,5,4.82,1683.63
tuberculos,300.0,19,0.6333,2,2.83,989.12
hortalizas,21.0,6,0.6667,11,3.09,2301.65
tuberculos,100.0,10,0.2273,8,4.06,1530.17
lacteos,587.5,2,0.4,7,3.46,2733.49
lacteos,880.0,6,0.5,8,4.89,3389.03
granos,37.5,43,0.1878,2,0.51,2432.98
tuberculos,1180.0,26,0.4815,6,0.79,1189.3
otros,500.0,25,0.6944,3,4.99,1848.06
frutas,14.0,9,1.0,2,5.09,4278.96
granos,2.0,201,0.6361,2,8.54,4691.95
otros,1900.0,12,0.5217,11,3.03,2091.95
otros,740.0,42,0.8571,5,2.53,1874.24
lacteos,30.0,3,0.375,6,0.65,2656.34
tuberculos,200.0,15,0.6,4,2.62,986.02
lacteos,39.0,0,0.0,10,4.89,2528.31
granos,340.0,9,0.0796,6,3.9,2721.37
granos,31.0,118,0.7239,5,6.01,4582.29
granos,287.5,73,0.7604,6,5.81,4862.24
otros,540.0,20,0.9091,10,5.15,3390.05
frutas,27.0,7,1.0,1,4.15,3795.4
otros,500.0,19,0.5278,10,4.43,2701.16
granos,1750.0,265,0.8179,8,9.49,4613.3
granos,500.0,101,0.3217,7,7.99,3868.21
otros,8.0,20,0.8333,1,2.11,2384.52
frutas,2750.0,1,0.1429,6,2.02,2180.39
hortalizas,462.5,10,0.6667,9,12.94,2175.05
hortalizas,2600.0,5,0.5,7,1.35,1119.86
hortalizas,2200.0,6,1.0,12,6.9,2876.12
otros,57.0,0,0.0,10,4.64,1605.47
lacteos,480.0,9,0.6,9,3.54,3518.73
frutas,28.0,4,0.5714,1,1.92,2627.15
hortalizas,400.0,0,0.0,12,5.16,1265.79
granos,1750.0,277,0.9719,8,12.29,4940.8
tuberculos,3.0,35,0.9459,9,1.6,1789.96
tuberculos,900.0,4,0.08,12,6.93,1205.1
granos,200.0,13,0.052,10,3.73,2760.7
hortalizas,562.5,0,0.0,8,3.69,1159.56
hortalizas,49.0,1,0.2,6,3.17,1253.93
otros,36.0,0,0.0,10,2.13,1462.89
hortalizas,560.0,0,0.0,8,7.7,1322.4
lacteos,53.0,0,0.0,3,4.02,2684.46
granos,1000.0,262,0.7751,1,12.2,3597.46
frutas,5.0,15,1.0,9,4.42,2779.41
hortalizas,940.0,6,0.6667,10,7.27,2314.37
hortalizas,800.0,1,0.125,3,4.64,1369.2
hortalizas,27.0,3,0.6,12,1.15,1801.22
lacteos,680.0,2,0.5,5,1.6,2734.87
frutas,950.0,11,0.9167,2,5.82,3849.29
otros,425.0,23,0.7667,8,1.82,2349.82
hortalizas,1120.0,12,0.8,1,1.84,1930.27
frutas,137.5,4,0.3333,12,4.06,2658.45
hortalizas,21.0,5,0.5,1,1.94,1755.78
otros,750.0,9,0.1731,11,0.35,1671.27
otros,50.0,4,0.1212,7,2.73,1754.87
frutas,100.0,13,1.0,11,6.44,2844.47
tuberculos,540.0,7,0.2,12,3.84,1187.91
tuberculos,280.0,14,0.2456,10,0.87,1103.3
otros,25.0,1,0.0278,8,5.65,1949.14
granos,26.0,140,0.7487,4,3.79,4542.71
otros,250.0,18,0.75,3,4.44,2524.51
frutas,7.0,4,0.2,4,6.27,2982.93
frutas,600.0,3,0.375,5,4.28,2906.49
otros,262.5,9,0.3214,7,6.78,2477.07
tuberculos,44.0,15,0.5357,9,6.03,1656.47
frutas,662.5,17,0.85,9,4.63,2542.6
hortalizas,1140.0,3,0.375,9,6.03,1890.32
granos,28.0,209,0.933,4,7.76,5736.59
otros,20.0,11,0.7857,7,3.87,2719.95
lacteos,13.0,2,0.6667,3,0.38,3649.62
hortalizas,750.0,4,0.3636,9,12.36,1995.01
otros,18.0,0,0.0,12,1.35,1291.73
granos,550.0,103,0.3189,11,2.15,2403.98
frutas,520.0,7,0.3684,5,14.14,3321.43
otros,32.0,2,0.0833,4,3.34,1511.65
hortalizas,8.0,3,0.5,10,2.35,2108.83
granos,800.0,77,0.6875,7,4.83,3704.8
granos,15.0,30,0.2804,9,4.03,3327.88
hortalizas,350.0,6,0.75,11,1.19,2032.11
lacteos,36.0,2,0.4,9,2.63,3247.24
hortalizas,2.0,4,0.3636,3,9.88,2376.43
tuberculos,950.0,10,0.2326,9,4.04,1271.43
lacteos,187.5,2,0.3333,5,3.77,3166.01
tuberculos,300.0,28,0.875,3,2.35,1157.13
hortalizas,150.0,6,0.4286,3,3.35,1974.7
lacteos,250.0,10,0.7143,2,10.4,5012.56
granos,46.0,201,0.586,11,4.42,3015.27
tuberculos,662.5,33,0.7857,6,2.98,1459.14
granos,2250.0,213,0.6416,11,1.03,2445.24
otros,212.5,16,0.3333,5,1.52,1732.47
hortalizas,920.0,8,0.8,6,1.63,1678.09
hortalizas,275.0,11,0.7333,12,1.85,2100.87
tuberculos,23.0,14,0.2917,3,1.64,986.74
hortalizas,37.0,2,0.1538,8,2.35,1344.47
tuberculos,800.0,7,0.1321,11,2.78,1074.12
otros,1600.0,21,0.6,8,3.17,1948.77
granos,2800.0,42,0.1654,5,3.45,2766.79
granos,412.5,45,0.1456,4,1.36,2511.16
granos,250.0,157,0.7585,10,4.11,3269.83
otros,440.0,10,0.1923,6,1.17,1304.53
hortalizas,2.0,2,0.2,12,1.24,1803.5
granos,440.0,32,0.1422,9,7.54,3231.1
hortalizas,1900.0,2,0.4,6,9.06,1805.31
granos,550.0,126,0.3889,12,1.16,2297.57
frutas,187.5,2,0.1111,3,0.52,1982.05
granos,1650.0,224,0.7619,2,3.41,3126.83
lacteos,17.0,7,0.4667,1,1.62,4380.0
tuberculos,662.5,22,0.9167,9,3.74,1561.72
hortalizas,37.0,10,0.9091,10,4.58,2466.3
tuberculos,180.0,31,0.6739,1,3.16,1334.71
frutas,50.0,14,0.7778,10,11.29,3485.68
frutas,2450.0,5,0.2632,6,6.5,2061.27
lacteos,44.0,0,0.0,6,2.54,1866.61
frutas,12.0,10,0.5263,7,2.37,2229.1
tuberculos,1150.0,31,0.8378,11,1.24,1432.77
otros,2250.0,9,0.15,1,2.72,1692.48
lacteos,80.0,4,0.8,4,0.61,3326.98
otros,13.0,48,0.96,1,1.63,2480.19
granos,980.0,72,0.4364,11,2.26,2588.81
granos,2600.0,9,0.0247,8,4.35,2379.42
hortalizas,1040.0,10,0.8333,10,0.33,1736.29
granos,362.5,151,0.5033,12,1.65,2054.41
frutas,140.0,1,0.0667,11,4.94,1856.6
otros,2500.0,8,0.2353,7,3.84,2225.17
hortalizas,325.0,13,1.0,3,3.85,1899.26
frutas,1000.0,5,0.3846,5,1.26,2459.19
granos,16.0,75,0.5906,9,2.45,3583.18
granos,325.0,93,0.3263,4,2.34,3047.87
otros,25.0,25,0.7143,5,3.5,2349.22
lacteos,200.0,4,0.5714,4,1.22,3824.92
tuberculos,20.0,4,0.069,4,3.0,896.54
frutas,2850.0,5,1.0,1,2.22,2829.97
otros,450.0,16,0.3556,6,0.89,1549.61
otros,425.0,50,0.9091,8,1.02,2346.0
hortalizas,275.0,3,0.2,4,1.65,1074.91
tuberculos,760.0,42,0.8077,6,2.41,1439.24
frutas,237.5,1,0.125,7,1.17,1592.63
frutas,200.0,1,0.1111,10,6.95,1816.53
granos,2650.0,172,0.7783,2,11.09,3408.94
tuberculos,52.0,35,0.814,3,2.44,1287.83
hortalizas,2950.0,4,0.4,8,3.78,1600.02
frutas,1180.0,6,0.6667,3,8.35,4421.26
otros,37.5,6,0.1034,1,4.61,2011.66
otros,22.0,20,0.4762,2,1.58,2012.5
frutas,325.0,5,0.5556,9,7.09,2587.79
lacteos,512.5,5,0.4545,2,4.71,4444.71
otros,5.0,4,0.1081,3,5.93,1878.6
granos,237.5,108,0.6102,12,4.29,2874.73
tuberculos,250.0,13,0.5417,11,1.88,1199.82
otros,280.0,9,0.1667,6,3.6,1632.53
hortalizas,18.0,4,0.5714,7,1.11,1416.21
otros,740.0,3,0.0882,11,4.51,1920.35
hortalizas,24.0,7,0.6364,12,3.2,2322.92
frutas,520.0,10,1.0,8,5.01,2856.5
frutas,550.0,0,0.0,1,0.41,1448.69
granos,41.0,330,0.9167,10,3.6,4021.69
granos,2700.0,62,0.4276,10,3.93,2365.98
granos,487.5,242,0.6817,8,13.0,5139.03
tuberculos,750.0,23,0.8214,2,3.64,1199.78
granos,1900.0,61,0.249,2,0.11,2278.21
frutas,950.0,7,0.7778,8,9.8,2750.45
lacteos,450.0,5,0.7143,12,2.4,4663.94
otros,400.0,47,0.8393,7,1.88,1913.22
tuberculos,575.0,24,0.6154,6,0.41,1129.9
hortalizas,960.0,2,0.4,3,2.24,1401.5
otros,2200.0,13,0.5,5,8.73,2267.0
hortalizas,18.0,11,0.8462,10,9.94,3043.67
lacteos,360.0,1,0.1,5,5.2,2701.96
lacteos,4.0,1,0.3333,8,7.62,4372.4
tuberculos,23.0,23,0.7188,3,1.21,1330.65
hortalizas,680.0,8,0.5714,4,3.55,1903.44
tuberculos,2150.0,19,0.6129,1,2.94,1199.86
lacteos,29.0,5,0.625,11,3.7,4909.89
frutas,250.0,7,0.875,9,5.3,2379.86
otros,620.0,10,0.4348,4,1.39,1582.8
lacteos,720.0,1,0.1429,5,5.51,2977.84
frutas,59.0,6,0.6667,6,6.48,3416.1
lacteos,37.5,4,0.3333,4,6.36,4202.82
frutas,3.0,13,0.7647,1,3.31,3297.23
granos,45.0,40,0.199,2,1.24,2296.14
lacteos,1450.0,11,0.8462,7,3.62,3266.88
otros,200.0,8,0.5333,6,4.74,2062.5
otros,920.0,37,0.6491,7,10.25,2187.84
lacteos,340.0,8,0.7273,10,6.35,4037.32
tuberculos,2750.0,13,0.3714,9,3.04,1388.01
otros,237.5,19,0.95,2,0.57,2000.24
tuberculos,512.5,22,0.3929,11,6.66,1527.22
lacteos,740.0,7,1.0,4,6.99,4688.65
tuberculos,2800.0,14,0.5185,2,4.96,1198.09
hortalizas,512.5,9,0.75,10,1.57,1851.44
otros,1900.0,4,0.1379,3,5.6,1644.39
frutas,850.0,13,0.65,1,6.2,3408.9
lacteos,1180.0,4,0.8,3,4.94,4721.52
tuberculos,900.0,17,0.85,12,2.96,1538.62
granos,225.0,11,0.0451,8,1.63,2446.43
hortalizas,200.0,3,0.25,4,1.95,1507.76
otros,562.5,8,0.5714,2,6.67,2362.38
hortalizas,1000.0,3,0.4286,1,0.95,1620.18
granos,362.5,128,0.4758,5,11.06,4276.06
hortalizas,2350.0,1,0.1667,6,5.93,1172.32
frutas,2100.0,6,0.3158,5,3.4,2080.61
granos,500.0,12,0.1237,9,2.08,2560.39
otros,740.0,3,0.1304,3,4.74,1539.75
tuberculos,940.0,22,0.7333,9,6.23,2160.56
hortalizas,350.0,2,0.4,1,3.48,1851.99
granos,2750.0,219,0.8975,9,3.51,4201.58
tuberculos,12.5,14,0.5833,1,16.57,1797.22
hortalizas,46.0,4,0.5714,3,8.05,2498.75
tuberculos,80.0,4,0.1739,6,0.96,899.62
lacteos,20.0,0,0.0,11,2.57,2476.6
granos,180.0,81,0.4241,7,4.56,4033.74
lacteos,650.0,1,0.0714,8,3.19,2141.71
granos,2.0,110,0.7746,1,7.18,4683.48
lacteos,50.0,12,0.8571,5,3.64,4535.53
hortalizas,400.0,12,0.8571,6,1.6,1782.54
otros,125.0,22,0.88,6,4.44,2460.41
hortalizas,1300.0,3,0.6,11,3.49,2311.28
frutas,1550.0,6,0.4,12,9.92,2969.91
lacteos,2150.0,12,0.8571,11,7.96,5132.61
tuberculos,420.0,43,0.7414,11,6.97,1441.09
hortalizas,380.0,6,0.5455,10,3.42,1876.38
lacteos,200.0,8,0.5714,6,10.73,3343.01
lacteos,750.0,7,0.7,9,1.87,3238.77
tuberculos,612.5,44,0.7586,11,4.04,1337.95
lacteos,35.0,3,1.0,12,4.0,6232.81
lacteos,200.0,4,0.4,5,2.89,3114.59
tuberculos,537.5,15,0.2632,11,5.88,1389.56
granos,660.0,24,0.0938,1,7.96,2756.45
otros,287.5,4,0.3636,3,2.54,1521.34
lacteos,2700.0,6,0.4286,11,2.17,3078.57
frutas,800.0,4,0.5,7,5.43,2413.66
hortalizas,50.0,9,0.9,12,4.81,2765.23
tuberculos,59.0,18,0.45,9,6.56,1764.09
otros,440.0,17,0.4048,10,3.96,2309.22
otros,287.5,33,0.6111,3,2.96,2064.88
frutas,44.0,2,0.2222,1,0.54,2171.54
tuberculos,140.0,25,0.431,11,1.74,1340.66
lacteos,550.0,5,0.3846,6,3.85,2906.65
lacteos,262.5,12,1.0,8,1.08,2809.96
tuberculos,625.0,29,0.8529,11,2.59,1701.1
granos,325.0,186,0.5167,9,7.94,3824.14
otros,637.5,3,0.3333,3,4.42,1838.35
otros,500.0,38,0.7755,5,2.74,2012.94
frutas,350.0,19,1.0,8,7.43,3805.42
hortalizas,325.0,5,0.5,5,4.3,1777.01
frutas,1100.0,0,0.0,6,3.43,1849.25
lacteos,600.0,1,0.2,6,5.69,2432.74
tuberculos,700.0,10,0.1695,3,4.7,909.98
otros,80.0,1,0.0909,4,7.31,1799.8
lacteos,487.5,1,0.3333,5,1.64,2458.81
granos,740.0,233,0.7952,12,9.81,3590.78
lacteos,980.0,4,0.8,7,2.91,3217.9
otros,37.0,4,0.1143,11,2.39,2069.01
frutas,12.5,5,0.3333,12,2.42,2329.55
hortalizas,57.0,6,0.4,1,2.74,1850.26
granos,700.0,117,0.5132,3,4.07,3154.63
otros,2.0,25,0.8333,8,7.17,3309.5
lacteos,1020.0,8,1.0,11,5.13,4224.16
lacteos,400.0,2,0.4,1,3.8,3584.01
granos,820.0,295,0.8806,3,3.9,3379.08
otros,362.5,1,0.0238,9,2.32,1829.82
lacteos,550.0,1,0.0714,2,3.15,3010.65
hortalizas,387.5,3,0.375,12,1.38,1684.64
lacteos,1060.0,1,0.0714,12,6.34,3299.67
lacteos,2600.0,4,0.5714,5,2.0,2918.54
frutas,125.0,1,0.1667,8,2.68,1885.71
frutas,125.0,13,0.7647,2,5.03,3274.33
frutas,25.0,0,0.0,10,1.9,1517.9
lacteos,600.0,8,0.7273,4,5.69,4315.53
frutas,1000.0,1,0.0667,9,2.12,1397.95
lacteos,280.0,6,1.0,1,2.08,5180.93
otros,920.0,27,0.6279,6,2.83,1774.5
tuberculos,620.0,3,0.1071,7,6.49,1350.94
frutas,19.0,1,0.0556,11,4.31,1882.47
tuberculos,19.0,11,0.2973,5,4.15,1315.03
granos,125.0,121,0.7289,9,3.54,4037.4
hortalizas,2250.0,9,0.75,10,14.74,2266.47
tuberculos,27.0,36,0.6792,7,4.11,1710.39
frutas,8.0,1,0.0588,2,1.73,2210.48
hortalizas,49.0,8,0.8889,10,7.5,2804.43
granos,2600.0,75,0.6696,12,3.47,2924.1
granos,2200.0,115,0.4152,8,2.72,3032.94
otros,200.0,19,0.8261,4,1.5,1987.1
hortalizas,300.0,6,0.8571,2,1.51,2103.94
otros,462.5,22,0.4783,9,1.9,2049.0
hortalizas,250.0,4,0.4,10,5.55,1999.47
granos,56.0,198,0.5593,1,3.3,2906.02
granos,41.0,154,0.8652,10,5.43,4249.68
granos,587.5,146,0.7053,8,5.42,4124.63
frutas,300.0,1,0.2,3,4.6,2392.55
hortalizas,21.0,10,1.0,8,1.1,2084.52
otros,1080.0,18,0.9,12,0.35,2220.41
frutas,51.0,7,0.4667,1,1.64,2817.59
tuberculos,312.5,18,0.3273,5,4.04,1084.85
otros,525.0,41,0.8039,5,1.41,1834.95
lacteos,587.5,5,0.7143,1,8.07,4787.6
tuberculos,38.0,14,0.4828,3,1.73,1122.59
otros,2450.0,18,0.3396,7,3.16,1966.66
granos,175.0,137,0.5373,9,2.19,3080.79
frutas,50.0,7,0.5385,10,3.62,2195.99
tuberculos,25.0,3,0.15,4,2.85,952.85
granos,187.5,45,0.1452,9,0.7,2299.22
tuberculos,160.0,38,0.7917,8,4.04,1716.3
hortalizas,225.0,6,0.4286,6,1.88,1513.58
hortalizas,180.0,10,0.7692,2,4.87,2655.96
tuberculos,260.0,41,0.6833,3,6.32,1316.54
hortalizas,1150.0,5,0.7143,12,8.08,2503.64
lacteos,51.0,5,0.3846,7,9.28,3821.77
hortalizas,62.5,4,0.2667,9,8.2,2193.46
hortalizas,300.0,6,0.5,9,4.68,1999.2
lacteos,2.0,2,0.4,5,3.17,3656.6
tuberculos,25.0,21,0.4773,6,1.53,1235.86
tuberculos,137.5,16,0.7619,8,2.53,1394.19
hortalizas,1500.0,5,0.3571,5,11.45,1745.03
frutas,287.5,3,0.2727,3,3.34,2317.59
granos,120.0,82,0.2724,9,7.29,4048.8
tuberculos,2.0,2,0.0444,4,2.51,891.35
hortalizas,41.0,3,0.4286,10,7.04,2334.2
otros,700.0,28,0.9333,10,1.51,2498.81
lacteos,12.0,11,0.9167,12,4.23,5562.12
frutas,44.0,9,1.0,1,2.87,3599.47
granos,550.0,283,0.9692,2,5.76,4276.37
otros,500.0,23,0.9583,10,7.84,3677.81
granos,440.0,9,0.0259,10,4.3,2499.95
granos,1450.0,36,0.2483,8,4.3,2986.01
granos,387.5,141,0.3874,2,0.91,2302.44
granos,625.0,79,0.4489,6,10.14,4583.26
hortalizas,820.0,1,0.0833,4,1.61,1061.88
tuberculos,37.5,49,0.9245,2,2.49,1293.5
tuberculos,520.0,16,0.3404,10,3.78,1344.34
tuberculos,1000.0,4,0.1176,10,2.61,1139.51
otros,640.0,44,0.9778,11,8.26,3440.65
tuberculos,175.0,48,0.96,4,6.21,1474.95
tuberculos,2150.0,19,0.5938,11,3.59,1206.55
hortalizas,1550.0,10,0.8333,12,0.96,2007.13
lacteos,1050.0,8,0.7273,12,0.55,3715.1
frutas,760.0,8,0.4444,3,1.4,2479.26
granos,62.5,295,0.9105,11,3.08,3575.81
lacteos,150.0,5,0.4167,4,7.15,4806.4
hortalizas,2600.0,1,0.125,9,1.82,1127.85
hortalizas,1.0,12,0.9231,11,3.57,2821.57
tuberculos,1550.0,23,0.5349,12,2.28,1135.88
hortalizas,260.0,9,0.9,1,2.24,2539.74
hortalizas,440.0,4,0.4444,7,12.46,1612.62
granos,500.0,234,0.7524,4,0.47,3874.73
granos,10.0,139,0.6651,2,5.96,3947.51
lacteos,262.5,2,0.5,11,3.21,4240.6
frutas,40.0,2,0.3333,3,3.65,3022.05
hortalizas,350.0,5,0.8333,5,3.45,1722.13
tuberculos,38.0,7,0.125,11,7.23,1405.63
lacteos,51.0,2,0.25,9,6.43,3511.25
granos,675.0,253,0.7485,7,1.87,3663.29
granos,100.0,44,0.1452,4,4.28,3145.03
frutas,440.0,11,1.0,6,3.97,2936.97
otros,1040.0,23,0.5,4,0.59,1499.97
frutas,31.0,8,0.5714,8,0.72,2151.14
frutas,43.0,0,0.0,3,1.43,1671.5
granos,580.0,107,0.6524,7,0.51,3804.4
tuberculos,1550.0,12,0.5714,4,11.41,1187.46
frutas,350.0,5,0.625,9,7.89,3045.7
tuberculos,1850.0,41,0.8542,10,4.01,1460.74
tuberculos,450.0,26,0.52,5,7.36,1429.4
lacteos,2600.0,7,1.0,3,17.22,4798.88
lacteos,1160.0,0,0.0,1,6.35,2625.08
granos,1900.0,44,0.3077,3,1.78,2406.04
tuberculos,59.0,1,0.0217,9,1.97,972.01
granos,250.0,118,0.5021,7,1.47,3256.64
otros,150.0,7,0.2414,6,2.38,1733.0
otros,387.5,0,0.0,10,0.9,1324.0
frutas,58.0,7,0.5833,8,4.14,2647.33
otros,1950.0,3,0.3,1,1.95,1921.35
otros,200.0,18,0.9474,11,1.4,2952.06
granos,2700.0,17,0.0685,12,11.17,2489.85
lacteos,2550.0,5,0.4545,7,1.84,2510.39
hortalizas,460.0,8,0.5333,5,4.63,1638.95
lacteos,1150.0,1,0.3333,9,1.88,2994.73
frutas,640.0,16,0.8889,6,1.69,3051.69
hortalizas,5.0,6,1.0,6,1.15,1800.22
otros,10.0,4,0.0833,2,9.15,2203.7
frutas,137.5,2,0.1111,7,0.43,1706.65
lacteos,1000.0,5,0.3333,1,8.21,3746.6
tuberculos,162.5,12,0.5,8,3.2,1784.82
tuberculos,1550.0,20,0.3636,11,6.64,1520.64
frutas,420.0,3,0.25,3,2.66,2527.17
hortalizas,650.0,7,0.4667,1,1.81,1968.6
lacteos,500.0,8,0.5333,1,6.76,4312.0
frutas,387.5,2,0.1538,1,1.22,2065.07
otros,120.0,6,0.3158,5,2.44,1525.25
hortalizas,58.0,1,0.1111,3,0.56,986.27
hortalizas,62.5,6,0.75,2,3.98,2101.77
frutas,2900.0,5,0.4545,6,3.54,2157.64
frutas,37.5,3,0.375,7,13.92,2486.48
tuberculos,460.0,22,0.8462,2,3.51,1351.03
tuberculos,2850.0,13,0.5417,10,1.68,1228.96
frutas,160.0,8,0.4706,5,9.96,3286.06
tuberculos,3.0,26,0.5778,2,3.21,1418.24
lacteos,950.0,8,0.8889,2,6.05,5058.05
frutas,1000.0,2,0.1667,2,4.69,2791.14
lacteos,2500.0,1,0.0714,1,3.56,2978.85
hortalizas,2100.0,0,0.0,2,2.3,1416.01
tuberculos,475.0,36,1.0,8,12.9,1953.12
lacteos,500.0,5,0.625,1,9.08,5968.0
otros,1750.0,35,0.625,10,2.56,2301.47
lacteos,80.0,2,0.1818,8,4.48,2892.48
otros,740.0,1,0.0256,10,3.03,1685.94
otros,1040.0,17,0.68,9,2.77,2350.88
frutas,300.0,11,0.55,1,1.23,2422.21
hortalizas,6.0,6,0.75,8,4.86,2332.88
otros,1800.0,7,0.3333,8,2.37,1746.31
granos,75.0,56,0.3836,8,3.27,3459.7
frutas,512.5,0,0.0,5,9.31,2106.43
otros,237.5,24,0.96,4,5.56,2455.44
tuberculos,687.5,16,0.8,3,1.84,1219.76
otros,150.0,30,0.8333,10,2.89,2382.87
granos,720.0,24,0.0825,8,5.68,2555.67
frutas,47.0,10,0.6667,6,5.45,3669.36
granos,6.0,195,0.7249,12,1.7,3239.32
otros,500.0,17,0.3091,12,2.12,2211.84
lacteos,1800.0,4,0.5714,1,0.89,3132.54
otros,150.0,6,0.75,3,3.1,1947.62
tuberculos,550.0,23,1.0,1,4.9,1532.94
tuberculos,2000.0,42,1.0,4,1.62,1218.92
granos,1950.0,303,0.9774,4,1.08,3792.65
lacteos,700.0,14,0.9333,12,6.0,5223.41
otros,75.0,49,0.8305,10,6.11,3049.21
granos,800.0,53,0.19,7,3.93,3280.95
granos,1000.0,191,0.5736,7,5.64,3906.27
hortalizas,40.0,4,0.5714,8,9.81,2157.69
otros,920.0,20,0.7692,8,1.84,2668.86
granos,860.0,69,0.3503,6,4.7,3573.62
lacteos,100.0,9,0.6923,4,2.31,3817.66
frutas,425.0,14,0.7778,4,4.26,2845.3
otros,575.0,12,0.2182,4,4.25,1751.28
otros,240.0,3,0.075,3,4.06,1616.54
granos,325.0,302,0.9152,8,3.76,4060.39
hortalizas,1850.0,8,0.6667,3,5.79,2191.35
tuberculos,200.0,0,0.0,4,1.9,577.28
lacteos,550.0,3,1.0,10,6.76,5775.37
otros,250.0,50,1.0,12,5.57,2971.01
lacteos,180.0,11,0.8462,5,6.68,4645.34
lacteos,712.5,0,0.0,11,8.39,4112.08
granos,200.0,311,0.9658,4,3.25,3825.17
tuberculos,487.5,22,0.4314,2,3.97,1136.84
granos,1100.0,22,0.1183,7,7.45,3537.6
hortalizas,800.0,7,0.5,9,6.35,1678.02
otros,53.0,5,0.5556,7,3.35,2275.0
frutas,640.0,7,0.7,12,5.72,3417.49
frutas,1650.0,3,0.4286,2,2.7,2295.11
lacteos,662.5,0,0.0,7,0.88,1771.88
tuberculos,26.0,13,0.3095,11,1.8,1342.91
granos,587.5,11,0.039,8,0.71,2330.46
hortalizas,1850.0,8,0.7273,6,6.16,1738.59
tuberculos,1600.0,28,0.9333,6,7.69,1744.49
otros,25.0,5,0.7143,5,3.74,1906.88
frutas,80.0,16,0.8,1,4.17,3491.9
frutas,260.0,0,0.0,8,2.93,1516.36
tuberculos,600.0,23,0.8846,9,1.42,1456.75
frutas,1350.0,15,0.8824,12,2.83,2729.89
granos,360.0,84,0.2867,10,2.56,2635.82
granos,1700.0,55,0.5392,6,6.08,3788.66
otros,220.0,7,0.4375,3,3.31,2054.27
tuberculos,637.5,30,0.9677,11,6.7,2005.39
granos,587.5,148,0.5804,6,8.2,4463.9
tuberculos,200.0,11,0.1964,5,4.91,1061.75
granos,1900.0,74,0.5606,7,2.78,3366.97
granos,737.5,73,0.3668,5,3.45,3345.28
otros,1450.0,22,0.55,3,1.26,1506.27
granos,1300.0,119,0.5561,11,1.56,2571.59
lacteos,525.0,2,0.2857,4,1.88,3268.84
granos,1750.0,276,0.9583,10,2.13,2797.92
tuberculos,37.5,5,0.2381,10,1.54,1358.83
hortalizas,15.0,3,0.6,3,16.28,2462.63
lacteos,51.0,0,0.0,3,3.6,2610.29
otros,22.0,12,0.4,5,6.4,2272.52
frutas,15.0,0,0.0,11,1.25,1396.45
lacteos,337.5,5,0.8333,4,6.27,4931.9
hortalizas,36.0,3,0.2308,3,0.33,1490.72
hortalizas,487.5,14,1.0,5,1.05,1863.61
lacteos,387.5,2,0.5,3,4.77,4384.95
lacteos,2100.0,2,0.6667,8,1.24,2799.56
frutas,53.0,19,1.0,6,2.23,2700.78
granos,2600.0,233,0.649,9,2.06,2960.41
frutas,7.0,17,1.0,12,1.42,2928.92
hortalizas,262.5,4,0.5,4,6.85,2038.33
tuberculos,560.0,14,0.4,11,2.27,1300.56
tuberculos,51.0,29,0.8056,8,1.39,1511.76
tuberculos,250.0,50,0.9091,1,2.96,1303.66
frutas,29.0,4,0.3077,2,0.86,2662.55
granos,1300.0,93,0.7881,11,2.05,2514.35
lacteos,24.0,5,0.3333,2,0.74,3596.71
otros,57.0,8,0.1778,11,2.88,2051.04
otros,900.0,42,1.0,1,3.33,2536.66
lacteos,54.0,2,0.6667,9,4.8,3717.27
lacteos,1150.0,3,0.3,2,6.34,3869.23
frutas,940.0,2,0.25,11,7.26,2334.99
frutas,360.0,13,0.65,8,1.38,2041.92
frutas,950.0,1,0.0909,2,1.17,1748.97
otros,80.0,22,0.5366,7,6.42,2535.07
frutas,525.0,7,0.5833,4,4.57,2683.23
tuberculos,225.0,8,0.2162,6,2.83,1188.63
hortalizas,1250.0,8,0.5333,9,4.99,1850.24
otros,200.0,1,0.1,4,6.78,1520.63
hortalizas,22.0,1,0.1111,7,3.64,1203.4
lacteos,22.0,2,0.1667,8,4.98,2975.98
otros,4.0,17,0.425,10,4.04,2817.61
granos,1600.0,99,0.3474,2,3.6,2620.53
otros,462.5,17,0.3333,4,3.01,1605.45
lacteos,250.0,5,0.7143,1,1.88,4393.82
frutas,17.0,9,0.6923,7,1.05,2253.15
lacteos,62.5,1,0.3333,11,2.55,3411.09
lacteos,11.0,0,0.0,4,1.53,2198.8
tuberculos,575.0,13,0.5417,6,6.15,1472.18
hortalizas,2550.0,8,0.8889,5,3.76,1577.53
tuberculos,45.0,47,1.0,11,4.65,1798.65
tuberculos,412.5,3,0.0508,3,4.47,785.04
granos,1020.0,222,0.7184,8,3.9,3745.43
granos,362.5,45,0.3488,12,1.12,2492.2
frutas,750.0,3,0.5,1,2.32,2545.49
otros,1100.0,14,0.2373,10,5.31,2189.44
frutas,1800.0,3,0.3333,5,4.08,2411.53
hortalizas,2300.0,1,0.0769,4,5.43,996.72
hortalizas,740.0,6,0.6,3,1.73,1622.36
granos,137.5,55,0.1532,10,2.16,2305.72
lacteos,320.0,12,0.8,8,2.27,3282.85
hortalizas,675.0,5,0.4545,9,2.26,1592.33
lacteos,387.5,0,0.0,10,2.17,1939.43
granos,1120.0,186,0.5455,3,3.09,3506.8
frutas,21.0,9,0.45,9,3.85,2503.32
otros,25.0,5,0.5,12,3.16,2428.38
otros,550.0,44,0.9565,6,5.33,2334.12
frutas,362.5,16,0.8,1,0.03,2673.72
otros,2950.0,20,0.7692,7,2.38,2012.73
hortalizas,500.0,4,0.8,7,0.86,1476.54
otros,440.0,6,0.1622,6,7.4,2187.42
frutas,1550.0,5,1.0,8,4.07,2580.24
hortalizas,125.0,1,0.0714,9,2.81,1408.44
tuberculos,1400.0,17,0.7391,7,2.01,1430.12
frutas,47.0,7,0.7778,10,3.34,2404.06
otros,740.0,7,0.1273,7,7.31,1892.46
otros,2550.0,7,0.1273,7,3.44,1628.52
otros,1550.0,34,0.9714,10,5.34,2745.92
lacteos,36.0,1,0.1667,5,1.77,2403.25
frutas,100.0,2,0.1818,10,2.73,1814.88
hortalizas,1100.0,2,0.4,11,1.84,1815.45
granos,440.0,87,0.6744,7,8.21,4528.5
hortalizas,2200.0,3,0.5,9,4.55,2004.0
hortalizas,1450.0,5,0.625,3,0.3,1391.91
frutas,1700.0,4,0.2222,9,2.56,1901.77
granos,2100.0,102,0.47,3,4.58,3285.56
otros,2450.0,5,0.1562,8,0.88,1509.26
granos,2900.0,220,1.0,4,4.17,3987.04
lacteos,680.0,2,0.3333,11,0.43,2750.64
tuberculos,14.0,33,0.8049,7,4.1,1619.52
granos,200.0,26,0.1985,6,3.34,2934.16
hortalizas,612.5,8,0.7273,2,1.01,1659.05
frutas,2600.0,13,1.0,12,6.49,3751.66
lacteos,300.0,3,0.75,6,17.75,4442.39
hortalizas,8.0,0,0.0,9,4.66,1524.0
frutas,625.0,12,0.8571,4,6.6,3685.63
granos,640.0,23,0.142,4,4.94,3284.16
lacteos,17.0,5,1.0,8,1.23,3781.33
tuberculos,587.5,18,0.3529,2,4.64,951.58
otros,537.5,9,0.6429,6,2.02,2067.17
hortalizas,450.0,4,0.3333,10,6.22,2066.48
frutas,25.0,2,0.2,9,3.83,1942.37
tuberculos,19.0,28,0.8235,10,1.12,1485.62
hortalizas,1.0,4,0.3077,8,3.63,1623.46
granos,53.0,196,0.8033,6,0.85,4339.7
hortalizas,300.0,2,0.3333,7,6.45,1455.97
granos,520.0,200,0.641,3,1.04,3083.21
otros,5.0,11,0.3667,10,6.22,3099.04
granos,1060.0,146,0.9932,7,8.17,5522.03
frutas,23.0,10,0.8333,12,1.08,3321.09
hortalizas,120.0,5,0.8333,12,2.91,2187.8
hortalizas,1950.0,10,0.9091,12,1.49,2065.81
lacteos,3.0,5,0.4167,4,1.9,3743.5
tuberculos,450.0,2,0.037,9,3.82,1132.68
hortalizas,720.0,8,0.8889,11,2.2,1959.22
tuberculos,575.0,11,0.55,11,6.51,1680.59
otros,662.5,3,0.0789,6,2.55,1608.19
tuberculos,450.0,13,0.3514,6,5.63,1407.17
otros,1100.0,23,0.434,8,2.05,1935.47
granos,612.5,228,0.8669,5,8.33,4978.29
granos,1500.0,38,0.1293,2,2.87,2178.91
frutas,525.0,5,0.3125,11,2.13,2174.79
hortalizas,1060.0,8,1.0,11,2.09,1857.13
frutas,940.0,1,0.1429,4,2.07,1970.66
otros,237.5,3,0.1765,12,3.3,1760.94
hortalizas,350.0,10,0.9091,9,4.0,2076.06
otros,17.0,18,0.9,1,9.43,3531.14
lacteos,24.0,0,0.0,4,2.38,2328.44
tuberculos,1100.0,23,0.8214,9,4.59,1744.44
lacteos,140.0,2,0.6667,7,5.78,3862.51
hortalizas,2050.0,6,0.4615,3,1.49,1364.0
granos,1.0,190,0.7787,5,0.26,3724.56
lacteos,2400.0,9,0.6429,11,7.48,4178.53
otros,180.0,23,1.0,6,1.57,2134.5
tuberculos,37.5,1,0.0435,11,4.73,1219.56
tuberculos,24.0,22,0.6667,2,0.23,1098.93
lacteos,41.0,7,0.5385,2,1.95,3952.72
tuberculos,29.0,24,0.5217,10,2.08,1271.76
granos,62.5,73,0.2776,2,11.11,3362.76
lacteos,38.0,5,0.8333,8,0.26,2996.52
granos,712.5,119,0.9597,12,1.5,2932.35
granos,1000.0,151,0.8436,7,2.4,4103.15
hortalizas,540.0,2,0.2222,4,5.24,1745.29
frutas,750.0,5,0.8333,1,1.2,3243.23
granos,300.0,8,0.0792,6,2.59,2440.16
lacteos,550.0,3,0.25,7,1.65,2115.32
frutas,850.0,4,0.6667,8,0.63,1669.33
frutas,57.0,9,0.5,2,2.79,2965.91
otros,687.5,7,0.2414,11,4.52,2063.17
lacteos,50.0,2,0.3333,5,3.6,2958.78
lacteos,1000.0,3,0.6,6,2.36,3174.03
tuberculos,12.5,33,0.825,1,2.58,1563.27
otros,62.5,24,0.4615,3,4.03,1741.31
otros,387.5,3,0.0508,3,3.46,1349.88
granos,23.0,261,0.7676,10,1.96,3249.87
tuberculos,30.0,24,0.96,2,1.87,1385.07
lacteos,280.0,8,0.7273,12,1.4,4408.68
hortalizas,1100.0,3,0.2,8,1.56,1315.97
hortalizas,54.0,1,0.0714,2,3.61,1748.18
hortalizas,51.0,3,0.5,9,1.68,1672.75
frutas,6.0,7,0.875,12,4.63,3923.99
otros,47.0,22,0.7097,12,3.62,2872.61
tuberculos,687.5,5,0.1562,5,7.2,1115.27
hortalizas,275.0,4,0.4,12,2.94,1736.06
tuberculos,40.0,14,0.4,1,1.79,1000.63
frutas,1.0,4,0.3333,7,5.96,2684.51
frutas,275.0,9,0.6,9,1.63,1990.16
tuberculos,75.0,10,0.2128,2,3.28,987.67
lacteos,21.0,1,0.1,3,6.31,4163.98
tuberculos,562.5,13,0.65,9,3.07,1457.78
granos,2850.0,13,0.0594,10,0.53,2049.87
tuberculos,49.0,1,0.0476,1,4.13,894.97
otros,47.0,0,0.0,5,0.95,1083.24
otros,650.0,23,0.8519,3,0.67,2155.79
tuberculos,50.0,31,0.6458,1,4.07,1290.25
hortalizas,120.0,2,0.1667,7,4.88,1343.75
frutas,25.0,10,0.6667,1,2.51,2580.96
lacteos,36.0,3,0.6,5,7.01,4178.01
lacteos,450.0,6,0.75,3,3.51,3593.47
tuberculos,40.0,35,0.875,7,3.69,1822.04
tuberculos,1700.0,15,0.283,11,1.93,1095.94
frutas,100.0,9,1.0,12,3.85,3228.41
frutas,220.0,3,0.2,1,6.21,2410.46
lacteos,700.0,11,0.9167,7,10.72,3989.64
otros,12.0,8,0.6667,10,12.55,3749.02
granos,24.0,251,0.9331,7,7.15,5005.21
granos,950.0,171,0.5463,10,0.5,2626.67
frutas,20.0,17,0.8947,12,2.46,2903.02
tuberculos,20.0,14,0.5833,10,1.67,1444.54
granos,41.0,76,0.2222,4,6.95,3648.84
granos,38.0,77,0.3043,6,3.67,3618.25
lacteos,587.5,1,0.1429,5,4.27,3197.49
otros,860.0,30,1.0,3,1.13,1827.63
lacteos,2650.0,8,0.6667,5,5.36,3855.91
frutas,160.0,10,0.625,8,0.25,2054.85
otros,400.0,58,0.9831,5,2.73,2290.1
lacteos,1140.0,3,0.75,2,6.91,4938.75
tuberculos,23.0,14,0.35,10,1.43,1393.45
lacteos,840.0,3,0.2308,1,1.64,3228.53
otros,31.0,13,0.2766,10,3.36,2388.35
frutas,54.0,9,0.4737,10,9.19,2706.18
otros,280.0,41,0.7069,2,4.52,2278.68
otros,7.0,2,0.1333,5,5.86,1561.78
tuberculos,950.0,10,0.4,7,2.42,1101.92
granos,12.0,157,0.7811,3,7.39,5605.77
granos,1040.0,62,0.6458,11,4.25,3003.89
lacteos,51.0,2,0.1429,12,2.95,3324.25
lacteos,375.0,1,0.1429,11,0.34,2816.08
otros,687.5,5,0.1429,9,2.65,1661.84
hortalizas,75.0,4,0.2857,6,6.93,1571.15
otros,1350.0,17,0.7391,8,4.68,2938.88
lacteos,560.0,9,1.0,9,9.59,4908.37
frutas,33.0,5,0.4167,12,2.46,2356.12
granos,2350.0,119,0.3719,7,7.79,3490.79
otros,350.0,46,0.8364,12,1.92,2668.03
hortalizas,120.0,6,1.0,4,1.15,1960.52
hortalizas,43.0,3,0.3,9,1.89,1422.99
frutas,662.5,1,0.125,1,2.41,2057.51
granos,2400.0,6,0.0583,9,7.96,2990.54
otros,250.0,19,0.6786,10,3.68,2894.44
frutas,700.0,1,0.1429,5,6.55,2665.58
lacteos,437.5,3,0.25,5,5.52,3314.98
frutas,980.0,6,0.8571,11,3.42,2458.44
lacteos,675.0,9,0.6,5,0.92,2736.19
tuberculos,250.0,18,0.3913,1,8.76,1471.27
otros,700.0,0,0.0,6,0.6,1100.65
lacteos,1060.0,1,0.25,2,1.84,3163.69
frutas,212.5,0,0.0,6,3.32,2015.97
otros,3.0,2,0.0476,10,0.5,2040.15
frutas,620.0,6,0.3529,8,8.72,2199.12
lacteos,120.0,3,0.2,11,1.6,2796.7
otros,34.0,17,0.3036,5,7.76,2278.51
frutas,15.0,11,0.8462,5,0.55,2747.59
hortalizas,280.0,1,0.0833,9,0.72,1178.06
tuberculos,840.0,4,0.1739,1,6.08,1135.23
otros,24.0,18,0.3529,1,2.11,1976.47
hortalizas,1150.0,14,0.9333,1,1.22,1976.98
tuberculos,562.5,10,0.4762,3,9.54,1409.61
hortalizas,440.0,7,0.7,3,1.44,1851.93
hortalizas,820.0,3,0.4286,6,5.66,1550.99
hortalizas,537.5,1,0.1667,8,0.86,1238.23
lacteos,6.0,11,0.8462,6,2.77,3803.22
lacteos,375.0,2,0.1429,4,4.84,2931.11
hortalizas,562.5,4,0.5,3,10.52,2098.33
lacteos,250.0,14,1.0,3,2.27,4651.07
tuberculos,2050.0,31,0.5536,9,2.93,1520.14
otros,1000.0,6,0.6,2,2.47,1916.22
tuberculos,1750.0,37,0.9737,8,3.34,1945.11
frutas,720.0,9,0.6429,5,1.49,2244.78
lacteos,287.5,3,0.4286,11,1.07,3265.1
hortalizas,2400.0,0,0.0,12,7.13,1503.68
granos,520.0,71,0.2261,11,2.52,2357.36
tuberculos,2200.0,12,0.5714,12,1.56,1215.96
tuberculos,450.0,38,0.9268,8,3.54,1650.66
frutas,600.0,5,0.7143,8,1.35,2110.96
otros,7.0,17,0.34,5,2.1,1761.55
tuberculos,1050.0,17,0.85,11,8.01,1802.93
lacteos,380.0,8,0.8889,4,3.29,3706.45
granos,500.0,238,0.9049,5,2.65,3577.17
lacteos,54.0,0,0.0,4,4.29,2684.35
tuberculos,940.0,10,0.1923,9,2.64,1287.31
tuberculos,2000.0,19,0.6333,12,7.73,1398.82
hortalizas,360.0,6,0.4,2,2.71,1790.68
frutas,600.0,5,0.3333,3,0.54,2002.48
otros,125.0,41,0.8039,6,4.7,2666.71
otros,40.0,29,0.6042,12,2.61,2742.22
lacteos,675.0,2,0.1667,12,4.67,3867.68
granos,2950.0,50,0.4202,12,1.3,2173.29
frutas,4.0,2,0.2,7,4.9,2604.18
frutas,8.0,7,0.6364,8,3.0,2460.38
hortalizas,48.0,2,0.2222,6,2.13,1233.59
otros,512.5,45,0.8491,1,3.54,2354.46
granos,420.0,148,0.4901,4,2.29,2832.88
otros,880.0,25,0.8621,8,6.78,3223.89
tuberculos,720.0,20,0.7407,3,1.22,1169.63
tuberculos,980.0,6,0.1818,4,1.04,671.12
lacteos,850.0,0,0.0,8,7.94,2692.31
otros,27.0,1,0.125,8,6.35,2663.85
hortalizas,325.0,3,0.375,12,4.55,2270.36
tuberculos,8.0,29,0.9667,12,1.17,1726.26
lacteos,412.5,4,0.4,6,1.82,2505.95
otros,120.0,23,0.3833,12,3.78,2165.02
tuberculos,860.0,6,0.1333,11,1.21,959.41
lacteos,50.0,6,1.0,4,5.04,5433.08
otros,500.0,54,1.0,8,6.46,3125.06
frutas,125.0,11,0.7333,4,2.43,2708.99
granos,150.0,26,0.0949,1,2.79,2140.14
frutas,550.0,8,1.0,6,8.25,3705.68
otros,580.0,3,0.1875,3,1.29,1307.9
hortalizas,375.0,7,0.5385,1,3.85,1936.04
lacteos,35.0,0,0.0,5,5.89,2868.7
lacteos,450.0,6,0.75,6,1.37,2915.41
tuberculos,212.5,10,0.2564,8,3.19,1415.15
tuberculos,44.0,28,0.56,10,3.61,1440.82
granos,60.0,44,0.2876,9,15.87,3341.3
granos,59.0,142,0.4581,7,1.82,4049.75
tuberculos,400.0,19,0.38,9,1.84,1233.69
lacteos,1160.0,6,0.5455,10,3.93,3677.25
otros,1500.0,3,0.0714,7,4.99,1864.02
lacteos,687.5,2,0.4,2,4.91,4227.47
tuberculos,16.0,47,0.9216,4,3.8,1415.29
hortalizas,25.0,3,0.3,10,4.16,2064.45
otros,700.0,29,0.8529,7,1.85,2096.02
lacteos,512.5,0,0.0,11,3.95,2416.88
granos,2950.0,92,0.3983,5,3.21,3279.92
lacteos,250.0,8,0.7273,12,6.98,5418.78
granos,56.0,3,0.0128,6,4.18,2891.03
lacteos,675.0,4,0.6667,11,3.95,4119.4
granos,450.0,34,0.1709,8,6.69,3637.76
tuberculos,137.5,16,0.4444,12,3.25,1430.89
otros,2.0,56,0.9655,7,7.43,3873.29
lacteos,52.0,5,0.8333,11,9.88,6229.84
hortalizas,39.0,1,0.0909,8,8.88,1649.27
granos,137.5,22,0.1818,10,4.4,2798.56
otros,612.5,1,0.05,11,4.34,1803.82
otros,275.0,15,0.3333,11,2.28,2298.08
granos,1300.0,160,0.5263,3,2.5,3187.09
otros,1900.0,12,0.3636,6,0.6,1359.97
tuberculos,1400.0,31,0.8611,6,0.64,1302.91
otros,587.5,15,0.5769,3,7.48,2311.33
granos,187.5,212,0.797,12,4.02,3343.34
hortalizas,2850.0,10,0.7692,3,4.87,1964.16
otros,560.0,15,0.2941,8,3.72,2216.68
hortalizas,980.0,9,0.75,1,2.55,1870.69
hortalizas,487.5,14,1.0,8,4.33,1990.84
granos,2400.0,10,0.0862,11,1.47,1978.91
tuberculos,300.0,14,0.3889,1,3.34,1111.72
hortalizas,940.0,8,1.0,3,5.99,2219.69
hortalizas,525.0,1,0.0833,1,0.92,1233.73
tuberculos,2350.0,41,0.7321,6,1.64,1475.72
granos,1060.0,20,0.0755,7,5.38,2680.11
tuberculos,200.0,15,0.3571,7,10.62,1592.77
frutas,38.0,7,0.875,5,4.69,4049.29
lacteos,220.0,8,0.6667,9,7.18,4757.24
hortalizas,62.5,1,0.1111,6,2.71,1239.5
lacteos,1450.0,2,0.1818,2,0.5,2793.13
frutas,22.0,13,0.6842,2,2.19,2895.84
lacteos,11.0,6,1.0,9,2.87,3919.16
lacteos,200.0,9,0.9,1,7.84,5470.02
otros,50.0,37,0.74,1,3.22,2157.99
granos,19.0,15,0.0602,10,7.17,2602.71
frutas,1000.0,13,1.0,11,2.39,2517.82
otros,1300.0,7,0.3889,10,5.82,2525.79
otros,1000.0,9,0.15,1,1.69,1572.01
granos,175.0,96,0.4103,9,2.68,3051.99
hortalizas,225.0,6,0.8571,1,3.51,2874.28
frutas,12.0,10,0.6667,5,4.33,3194.63
tuberculos,55.0,17,0.3208,2,2.37,1206.73
hortalizas,26.0,2,0.25,8,3.94,1457.31
frutas,420.0,4,0.4,10,8.6,2821.62
lacteos,60.0,4,0.5714,9,1.55,3001.49
granos,537.5,11,0.0833,6,1.37,2560.65
otros,2100.0,4,0.25,5,6.99,1996.91
granos,29.0,5,0.0155,7,0.59,2385.83
granos,2050.0,134,0.5654,8,7.3,3557.16
hortalizas,1020.0,2,0.3333,9,3.58,1285.7
frutas,1100.0,9,0.4737,9,6.58,1943.17
granos,175.0,84,0.8936,5,4.91,4637.34
hortalizas,46.0,0,0.0,2,7.53,1449.28
granos,1140.0,76,0.6281,7,4.71,3905.64
granos,362.5,170,0.5842,12,3.73,3029.08
otros,440.0,14,0.4,10,2.36,2209.26
hortalizas,160.0,6,0.75,2,6.12,2543.59
otros,14.0,2,0.1429,6,3.95,1579.71
frutas,4.0,6,0.4,4,5.75,3170.26
frutas,35.0,6,0.6667,3,3.49,3131.64
frutas,650.0,1,0.0714,2,9.06,2459.25
lacteos,25.0,1,0.1111,2,1.38,2917.73
otros,860.0,32,0.7619,11,1.68,2245.96
hortalizas,640.0,1,0.0833,6,7.72,1466.19
lacteos,59.0,2,0.2222,3,6.2,4261.61
hortalizas,740.0,10,0.6667,12,1.32,1995.25
lacteos,620.0,0,0.0,6,5.56,2528.81
frutas,2450.0,3,0.3333,7,12.74,2531.22
otros,550.0,30,0.9375,6,5.84,2882.06
granos,260.0,37,0.1146,10,6.6,2637.52
tuberculos,5.0,14,0.5,1,16.71,1597.73
hortalizas,15.0,1,0.1667,7,5.31,1520.62
tuberculos,33.0,27,0.6923,4,3.59,1442.69
otros,1.0,42,1.0,11,1.62,3129.65
frutas,420.0,3,0.3333,6,3.57,2197.15
hortalizas,2150.0,3,0.3333,12,4.09,1788.82
otros,1100.0,20,0.7407,12,5.07,2726.54
tuberculos,45.0,0,0.0,12,6.63,1217.48
frutas,620.0,4,0.5,6,0.94,2615.21
hortalizas,2650.0,13,1.0,6,1.46,1680.25
hortalizas,400.0,7,0.875,7,3.67,1600.38
hortalizas,15.0,5,1.0,5,1.42,1962.8
otros,2100.0,1,0.0256,8,4.92,1612.86
otros,1120.0,19,0.6129,7,6.53,2716.88
tuberculos,220.0,16,0.6667,12,1.8,1271.66
lacteos,275.0,0,0.0,10,4.27,2780.64
granos,712.5,202,0.886,7,4.97,4428.05
tuberculos,28.0,38,0.8085,12,0.88,1337.18
tuberculos,487.5,49,0.9423,6,1.3,1401.88
granos,75.0,54,0.4463,11,6.86,2899.53
frutas,512.5,3,0.1667,7,0.18,1507.69
granos,2200.0,5,0.0273,5,2.04,2278.43
frutas,31.0,4,0.8,3,0.12,3070.67
frutas,100.0,1,0.2,7,5.93,2434.51
granos,100.0,126,0.869,4,6.65,4519.38
lacteos,1800.0,10,0.8333,7,0.51,2975.01
hortalizas,7.0,7,0.5385,2,3.08,2128.22
frutas,60.0,3,0.6,2,1.3,2534.57
frutas,980.0,8,0.6154,1,4.83,2902.85
lacteos,2900.0,11,0.9167,6,4.44,3966.02
tuberculos,200.0,7,0.1944,6,13.21,1415.93
lacteos,1100.0,6,0.4615,11,1.04,3531.12
otros,12.5,18,0.36,10,5.95,2942.9
hortalizas,575.0,6,1.0,8,4.37,2155.27
frutas,3.0,6,0.6667,3,2.5,3323.89
otros,1350.0,23,0.7931,10,2.39,2206.44
otros,2400.0,50,0.9091,9,0.49,2355.78
frutas,12.5,6,0.8571,9,2.89,2439.27
lacteos,1100.0,2,0.4,11,4.49,3422.56
frutas,2000.0,10,0.5263,6,1.1,2093.89
lacteos,840.0,3,0.75,3,4.55,4072.05
tuberculos,2850.0,11,0.4231,4,5.02,1249.75
lacteos,16.0,8,0.6667,1,7.32,5971.52
hortalizas,687.5,10,0.8333,1,1.07,1971.91
lacteos,34.0,5,0.5,2,0.31,3483.22
tuberculos,44.0,46,0.902,1,1.45,1315.53
lacteos,425.0,2,0.1538,8,5.86,3136.58
hortalizas,687.5,5,0.7143,12,4.06,2544.63
hortalizas,462.5,2,0.1818,2,3.24,1814.69
frutas,960.0,3,0.375,5,0.23,1857.79
otros,112.5,49,0.8305,11,1.43,2311.41
hortalizas,840.0,9,0.6923,1,4.62,1917.19
otros,880.0,40,0.9524,4,12.51,2447.87
frutas,23.0,8,0.6154,10,1.28,2248.23
frutas,50.0,3,0.1765,4,2.99,2271.9
granos,612.5,130,0.7602,5,0.46,3411.16
tuberculos,2650.0,19,0.4872,11,0.94,1263.36
frutas,320.0,4,0.4,8,0.45,1900.71
granos,662.5,113,0.4021,5,1.18,2843.29
hortalizas,1750.0,6,0.4615,7,2.86,1427.23
lacteos,2450.0,9,0.9,10,5.6,4355.97
lacteos,2600.0,9,0.6923,12,3.42,5082.98
lacteos,420.0,2,0.1429,3,0.98,2487.43
tuberculos,650.0,4,0.1739,2,3.44,886.02
lacteos,1160.0,8,1.0,7,5.2,3788.43
frutas,200.0,11,0.7333,6,2.51,2737.82
granos,540.0,111,0.5388,8,2.87,3605.58
otros,4.0,11,0.7333,9,3.24,2759.36
tuberculos,620.0,12,0.3429,12,2.6,1146.28
hortalizas,21.0,6,0.4286,5,1.63,1462.17
granos,52.0,126,0.773,6,2.06,4126.79
lacteos,1040.0,2,0.1818,3,2.87,2698.02
frutas,280.0,6,0.3158,5,0.8,2512.2
lacteos,162.5,3,1.0,2,2.59,5345.35
otros,860.0,25,0.5208,3,6.95,2205.11
frutas,425.0,3,0.2,1,4.81,2571.91
hortalizas,412.5,0,0.0,2,5.51,1472.9
lacteos,48.0,4,0.8,3,0.8,4070.85
lacteos,42.0,10,1.0,8,2.89,4041.17
granos,100.0,301,0.8315,5,5.63,4554.52
granos,28.0,68,0.6939,12,5.05,3862.09
tuberculos,44.0,48,0.9231,11,7.89,1994.18
otros,2800.0,3,0.125,9,6.61,2152.43
lacteos,540.0,13,1.0,2,8.82,5819.82
frutas,780.0,0,0.0,8,4.47,1607.09
otros,29.0,11,1.0,7,3.79,2895.93
tuberculos,312.5,16,0.7619,8,1.7,1484.92
granos,24.0,144,0.6636,4,2.36,3593.81
lacteos,14.0,6,1.0,10,2.04,5183.48
tuberculos,52.0,29,0.5472,2,2.69,1269.58
granos,562.5,283,0.9042,7,4.28,5178.99
lacteos,5.0,3,0.4286,12,2.53,3921.47
granos,16.0,47,0.2686,5,5.81,3612.76
hortalizas,400.0,4,0.8,9,4.98,2415.03
granos,612.5,47,0.4352,9,4.3,3336.21
granos,700.0,133,0.6488,5,8.42,4373.96
frutas,42.0,4,0.4444,8,5.6,2677.36
lacteos,12.0,1,0.1429,2,4.6,4068.01
otros,625.0,0,0.0,12,9.7,1730.82
tuberculos,87.5,28,0.7,6,3.02,1446.18
hortalizas,1900.0,7,0.875,11,10.1,3045.6
tuberculos,1000.0,12,0.5714,3,2.03,922.37
frutas,19.0,4,0.5,11,1.38,2217.88
hortalizas,53.0,10,0.9091,10,2.0,1928.32
frutas,300.0,9,0.75,10,3.84,2265.67
tuberculos,640.0,13,0.2364,8,8.06,1404.57
granos,487.5,83,0.9022,7,3.29,3957.17
otros,1100.0,48,0.9057,10,7.85,3047.81
tuberculos,2700.0,34,0.6538,10,1.68,1302.99
frutas,200.0,10,0.7692,6,0.57,2446.34
hortalizas,650.0,2,0.25,11,10.15,2321.92
hortalizas,450.0,2,0.1538,11,3.82,1462.44
lacteos,1900.0,3,0.75,9,2.38,3599.96
granos,20.0,29,0.2589,12,2.61,2486.62
frutas,380.0,3,0.3333,1,0.74,2133.23
frutas,500.0,9,0.6,5,3.54,2767.69
otros,550.0,5,0.1042,8,2.9,1747.43
tuberculos,87.5,11,0.275,9,3.18,1229.1
otros,55.0,20,0.625,9,9.96,2991.79
granos,2100.0,164,0.8454,8,3.71,3367.12
hortalizas,337.5,4,0.5714,11,0.94,1949.52
hortalizas,480.0,11,1.0,1,3.52,2485.58
granos,562.5,45,0.232,1,2.82,2680.7
frutas,340.0,8,0.8889,4,5.89,3603.84
otros,1650.0,48,0.9796,1,4.24,2469.43
lacteos,750.0,7,1.0,5,5.97,4921.43
hortalizas,12.5,0,0.0,5,3.9,1028.9
frutas,2900.0,14,0.9333,4,6.23,3904.28
lacteos,362.5,3,0.25,6,2.28,2901.0
lacteos,250.0,1,0.1,4,3.95,2581.1
lacteos,525.0,4,0.5,3,9.47,4268.75
tuberculos,120.0,29,0.9355,7,3.74,1733.21
lacteos,32.0,0,0.0,4,7.82,3024.34
tuberculos,17.0,38,0.8085,3,2.99,1280.81
frutas,42.0,14,0.875,1,3.11,3247.39
lacteos,320.0,0,0.0,7,3.02,2235.36
lacteos,287.5,1,0.3333,5,2.76,3012.16
otros,2750.0,7,0.7,1,3.52,2405.79
lacteos,712.5,8,0.6667,3,1.91,3661.2
granos,17.0,19,0.0864,6,0.57,2366.76
otros,980.0,4,0.093,7,1.36,1351.85
otros,980.0,15,0.3191,6,6.37,1840.68
lacteos,2000.0,1,0.2,1,2.64,2841.85
frutas,700.0,7,1.0,8,2.92,2515.03
lacteos,40.0,5,0.3333,5,2.93,3527.88
hortalizas,20.0,9,0.6429,12,0.67,1947.03
frutas,48.0,7,1.0,1,0.63,2966.09
hortalizas,1000.0,8,0.6154,2,2.69,2048.58
tuberculos,26.0,44,0.88,9,1.05,1568.64
hortalizas,20.0,10,1.0,11,0.81,2158.25
tuberculos,2400.0,11,0.3793,1,0.48,882.28
lacteos,37.5,0,0.0,6,12.69,2528.4
tuberculos,187.5,0,0.0,4,4.13,858.24
granos,1600.0,154,0.8235,7,4.17,4082.43
lacteos,1150.0,4,0.5714,7,3.79,3444.3
lacteos,560.0,6,0.5455,11,4.86,4472.81
lacteos,1650.0,6,0.8571,12,5.19,4981.86
granos,187.5,234,0.6482,10,3.85,3388.17
hortalizas,14.0,2,0.1538,12,1.97,1740.28
frutas,42.0,12,0.9231,6,10.08,4250.57
frutas,450.0,5,1.0,8,0.1,2426.34
frutas,1000.0,6,0.75,2,0.54,2833.84
tuberculos,450.0,28,0.6829,1,4.68,1295.89
otros,56.0,3,0.4286,3,0.15,1660.21
tuberculos,45.0,11,0.2115,6,5.27,1159.26
otros,48.0,4,0.5714,5,1.38,1982.61
tuberculos,15.0,20,0.5263,6,3.79,1361.06
tuberculos,560.0,20,0.9091,4,4.68,1317.07
frutas,56.0,10,0.7143,4,3.43,3266.39
granos,1020.0,57,0.2289,12,3.31,2092.18
lacteos,440.0,11,0.8462,9,5.4,3929.13
otros,2650.0,22,0.5641,8,4.49,2132.52
otros,1100.0,9,0.375,8,9.17,2706.47
otros,15.0,42,0.84,11,3.61,3104.98
otros,24.0,9,0.75,2,4.86,2648.79
otros,1200.0,38,0.7451,8,3.38,2702.51
otros,400.0,41,0.7455,6,3.93,2337.04
granos,31.0,78,0.4845,2,0.81,2551.88
granos,840.0,99,0.4091,6,7.24,4108.87
granos,12.5,137,0.529,12,1.48,2501.13
lacteos,600.0,4,0.8,7,1.0,3065.26
granos,412.5,69,0.4694,4,3.77,3491.21
hortalizas,2800.0,4,0.3636,5,4.53,1591.89
tuberculos,475.0,17,0.4474,6,3.29,1311.8
hortalizas,337.5,2,0.2857,8,4.92,1472.33
frutas,2000.0,11,1.0,8,2.64,2371.67
hortalizas,750.0,1,0.0769,8,2.44,1067.11
lacteos,200.0,5,0.8333,9,4.89,4143.01
lacteos,387.5,5,0.7143,9,7.36,3619.73
hortalizas,52.0,2,0.2857,2,0.08,1630.28
frutas,1750.0,16,0.8,9,3.71,2349.49
granos,860.0,25,0.0943,5,1.23,2556.62
lacteos,350.0,9,0.6923,6,3.16,3181.92
lacteos,20.0,3,0.375,4,17.43,4530.67
granos,537.5,52,0.1769,5,1.41,2564.03
granos,4.0,64,0.4267,8,1.41,3269.13
lacteos,12.0,3,0.4286,1,2.55,4236.25
lacteos,31.0,14,1.0,10,1.13,3789.11
hortalizas,337.5,3,0.2,8,3.61,1429.61
hortalizas,1600.0,0,0.0,2,2.01,1004.25
tuberculos,28.0,19,0.5938,6,5.83,1651.49
granos,59.0,136,0.5094,3,4.03,3373.71
hortalizas,220.0,6,1.0,3,1.82,2251.77
tuberculos,2150.0,38,0.76,6,5.1,1440.57
hortalizas,2750.0,6,0.6,3,4.54,1660.37
frutas,900.0,1,0.0909,2,1.85,1582.24
hortalizas,212.5,2,0.3333,2,5.94,1793.25
frutas,737.5,3,0.4286,2,1.82,2660.98
tuberculos,1650.0,37,1.0,4,3.4,1299.89
otros,720.0,6,0.1463,3,1.37,1510.85
otros,662.5,22,0.4783,7,1.08,1761.03
granos,187.5,165,0.6322,4,0.81,3405.04
lacteos,26.0,9,0.6,3,1.78,3981.63
granos,125.0,116,0.8,9,3.7,3471.14
tuberculos,1000.0,31,0.5167,11,5.49,1641.49
otros,637.5,19,0.5429,2,5.76,2448.3
lacteos,625.0,0,0.0,12,4.23,2862.66
hortalizas,56.0,12,0.8,11,4.41,2721.71
lacteos,800.0,2,0.1667,8,8.96,2595.58
lacteos,780.0,5,0.625,10,8.61,4305.6
tuberculos,2850.0,40,0.6897,11,9.08,1825.0
otros,53.0,23,0.5897,10,2.93,2602.31
frutas,1850.0,11,0.6111,8,2.68,2069.66
lacteos,80.0,0,0.0,6,2.6,1910.13
tuberculos,600.0,15,0.4839,3,2.01,966.36
lacteos,100.0,0,0.0,5,4.27,2263.43
tuberculos,362.5,8,0.1905,9,6.7,1665.66
lacteos,450.0,3,0.75,9,5.69,4185.63
lacteos,11.0,4,0.5714,2,1.19,4218.75
granos,27.0,87,0.2458,3,12.87,3173.43
otros,600.0,16,0.5517,2,3.92,2026.4
hortalizas,650.0,0,0.0,5,2.18,1104.77
otros,2300.0,20,0.3922,5,2.65,1743.47
granos,32.0,10,0.0552,12,1.95,1936.67
hortalizas,18.0,6,0.6,11,1.73,2397.91
lacteos,31.0,5,1.0,6,3.08,4117.07
lacteos,1040.0,1,0.2,4,4.09,3641.52
hortalizas,57.0,5,0.7143,11,3.99,2575.71
frutas,5.0,9,0.5,12,4.06,2884.87
hortalizas,575.0,1,0.1667,8,1.72,1381.32
otros,250.0,9,0.3103,9,6.49,2650.6
otros,19.0,5,0.2,7,5.56,2239.73
frutas,87.5,1,0.2,6,5.68,2226.06
otros,52.0,1,0.04,11,9.24,2096.21
frutas,562.5,0,0.0,8,1.32,1272.11
tuberculos,53.0,48,0.96,8,0.84,1687.77
tuberculos,100.0,20,0.6667,10,1.07,1292.98
frutas,1800.0,13,0.7222,1,6.4,3100.1
lacteos,53.0,10,0.7692,2,3.08,4547.16
frutas,27.0,3,0.3,5,2.15,2428.76
tuberculos,2250.0,19,0.3393,4,2.22,999.48
lacteos,31.0,10,0.9091,9,4.62,3410.9
tuberculos,32.0,0,0.0,3,0.62,708.81
otros,50.0,9,0.1698,9,4.76,2192.48
hortalizas,680.0,4,0.6667,7,4.93,1693.69
frutas,550.0,4,0.5,7,1.66,2071.77
otros,850.0,6,0.3158,6,1.33,1625.23
tuberculos,360.0,30,0.7692,3,6.8,1627.86
lacteos,1900.0,2,0.2857,9,1.49,2193.68
frutas,700.0,7,0.7778,7,2.92,2488.72
otros,1000.0,1,0.0526,12,3.92,1675.78
tuberculos,587.5,45,1.0,6,4.62,1521.8
lacteos,325.0,15,1.0,9,6.66,4786.94
frutas,100.0,9,0.5625,6,1.86,2419.39
otros,5.0,38,0.9268,10,5.76,3480.88
frutas,1100.0,8,0.4211,2,1.03,2183.74
hortalizas,2400.0,6,0.5455,5,7.59,1702.53
granos,1400.0,45,0.4688,7,7.64,4554.47
tuberculos,20.0,3,0.0625,11,0.69,1055.32
granos,840.0,3,0.0115,6,1.33,2139.84
lacteos,850.0,0,0.0,5,5.98,2545.87
frutas,34.0,14,0.7368,3,4.93,3695.43
frutas,87.5,11,0.6111,6,2.4,2445.26
hortalizas,720.0,8,0.8,3,5.87,2089.89
granos,19.0,175,0.6272,2,1.69,3201.24
frutas,10.0,0,0.0,6,2.02,1720.52
hortalizas,11.0,1,0.2,12,5.88,2201.86
lacteos,2950.0,8,0.8,7,4.57,3409.78
tuberculos,32.0,19,0.5,10,1.38,1484.7
lacteos,43.0,3,0.5,6,3.65,3199.27
granos,16.0,46,0.3833,8,1.66,3168.93
frutas,625.0,0,0.0,9,0.6,1195.49
hortalizas,712.5,3,0.3333,1,4.3,1740.25
granos,1650.0,176,0.6592,7,5.59,4148.33
hortalizas,30.0,2,0.3333,12,1.53,2032.69
lacteos,1750.0,11,1.0,8,8.37,4415.97
hortalizas,700.0,2,0.2857,10,6.48,2091.31
granos,125.0,53,0.3029,3,4.41,2860.24
granos,250.0,118,0.3869,4,1.85,3372.51
frutas,57.0,13,1.0,1,1.18,2782.5
granos,1500.0,81,0.6694,9,8.57,3904.51
otros,660.0,22,0.9565,6,0.96,1926.64
hortalizas,175.0,15,1.0,8,3.45,1968.7
lacteos,640.0,4,0.6667,2,2.08,4236.9
frutas,1850.0,6,0.5,9,2.59,1674.6
tuberculos,400.0,24,0.7273,1,2.82,1346.52
otros,350.0,30,0.8824,8,0.88,2155.64
hortalizas,22.0,4,0.8,12,6.62,2799.84
frutas,1250.0,4,0.4444,12,10.07,2786.87
otros,27.0,43,0.7963,9,1.27,2758.16
granos,320.0,274,0.9384,9,0.71,4106.28
otros,460.0,3,0.0732,6,1.49,1581.65
lacteos,2350.0,0,0.0,4,10.46,2671.31
lacteos,687.5,5,0.4545,11,4.75,3681.49
frutas,840.0,20,1.0,4,4.1,3713.66
granos,560.0,130,0.7303,8,3.86,3472.56
granos,940.0,21,0.1654,7,2.36,2859.43
hortalizas,820.0,3,0.5,4,1.2,1585.79
tuberculos,200.0,38,0.7308,12,5.2,1682.82
otros,500.0,6,0.3333,4,7.56,1887.11
tuberculos,625.0,32,0.9412,8,2.57,1917.21
tuberculos,200.0,44,0.9362,1,10.49,1975.87
frutas,800.0,6,0.3333,1,1.84,2102.92
hortalizas,21.0,11,0.7333,7,7.58,2126.79
hortalizas,24.0,2,0.2857,6,5.29,1610.31
lacteos,29.0,4,0.3636,6,4.77,3332.81
hortalizas,1250.0,6,0.8571,6,2.13,1811.02
frutas,1050.0,7,0.7778,1,2.13,2702.75
granos,25.0,263,0.8193,12,2.25,3155.69
lacteos,300.0,7,0.7778,2,4.3,5198.86
lacteos,362.5,4,0.6667,3,3.23,3696.79
otros,48.0,3,0.2,7,5.31,2232.51
frutas,1350.0,5,0.625,8,3.67,2069.38
tuberculos,437.5,9,0.3913,3,3.01,952.58
otros,1100.0,2,0.0392,3,6.11,1300.88
frutas,360.0,17,0.8947,8,5.53,2556.85
hortalizas,32.0,4,0.8,4,2.7,2012.42
hortalizas,650.0,6,0.4615,6,3.16,1597.13
hortalizas,437.5,0,0.0,11,3.86,1225.99
otros,1800.0,35,0.9211,2,6.12,2313.84
frutas,940.0,1,0.1667,3,2.37,2122.88
granos,900.0,129,0.5309,6,7.39,4809.14
tuberculos,150.0,13,0.3611,5,0.44,1103.78
lacteos,1180.0,5,0.4167,1,5.02,4018.77
lacteos,850.0,6,0.75,5,0.8,3224.16
tuberculos,49.0,2,0.0426,4,4.11,872.26
tuberculos,120.0,14,0.56,1,13.28,1617.61
granos,1150.0,46,0.2072,11,6.28,2593.67
tuberculos,50.0,6,0.2069,3,6.64,1325.87
tuberculos,400.0,6,0.1132,1,1.33,800.85
hortalizas,2500.0,10,1.0,3,8.26,2744.95
frutas,34.0,6,0.3,1,3.94,2456.68
otros,35.0,10,0.6667,3,1.3,1888.8
hortalizas,2250.0,9,0.8182,12,7.81,2737.97
otros,1300.0,5,0.2,1,1.87,1554.35
tuberculos,900.0,35,0.7,1,11.2,1548.59
otros,24.0,45,0.9783,4,2.62,2297.19
lacteos,2400.0,5,0.3846,8,5.8,2909.41
otros,5.0,3,0.3,1,4.8,2458.28
granos,1450.0,139,0.3915,7,1.13,3313.11
tuberculos,700.0,48,0.8889,10,5.29,1762.75
tuberculos,14.0,10,0.4545,9,1.6,1363.95
lacteos,400.0,2,0.6667,3,12.65,4854.89
granos,100.0,46,0.2857,2,3.53,2572.18
hortalizas,487.5,6,0.4615,8,1.0,1463.85
frutas,31.0,2,0.1111,7,7.38,2650.0
granos,60.0,30,0.24,6,1.46,2635.51
granos,19.0,71,0.5462,12,2.39,2693.85
granos,30.0,111,0.745,7,5.3,4875.52
tuberculos,850.0,2,0.0377,7,1.04,841.48
frutas,16.0,0,0.0,12,3.48,1777.97
hortalizas,1100.0,6,0.5455,5,5.93,1634.65
lacteos,13.0,11,0.7857,11,5.27,5454.85
hortalizas,40.0,2,0.2222,10,7.47,2466.55
frutas,60.0,5,0.7143,1,5.97,3584.32
hortalizas,487.5,6,0.75,3,7.78,2441.06
granos,7.0,36,0.1667,1,2.39,2717.81
tuberculos,140.0,0,0.0,4,6.75,843.08
otros,262.5,3,0.2727,7,1.48,1691.71
granos,1700.0,59,0.2458,1,2.83,2456.89
lacteos,300.0,3,0.3333,5,4.99,3146.27
hortalizas,800.0,3,0.3333,1,3.58,1527.8
granos,562.5,230,0.9426,10,8.19,4436.55
hortalizas,520.0,3,0.375,8,3.19,1657.49
hortalizas,200.0,1,0.1667,12,2.72,1394.78
otros,220.0,8,0.2667,11,4.97,2248.9
tuberculos,900.0,2,0.04,10,2.71,1021.07
frutas,39.0,7,1.0,1,1.85,3148.29
frutas,12.0,16,1.0,8,3.16,3276.64
frutas,2350.0,10,0.625,7,8.3,2611.33
frutas,160.0,9,0.8182,7,5.96,2711.54
lacteos,1000.0,4,0.4444,4,0.42,2747.27
lacteos,525.0,8,0.6154,4,9.8,4770.35
frutas,660.0,2,0.1176,3,6.98,2315.35
granos,8.0,148,0.4146,3,0.56,3059.79
frutas,87.5,2,0.2857,8,3.63,1857.46
frutas,720.0,7,0.3889,12,7.0,2428.68
tuberculos,800.0,27,0.5094,8,8.35,1677.11
tuberculos,18.0,9,0.15,12,3.97,1128.76
frutas,1750.0,0,0.0,12,10.03,1684.33
lacteos,7.0,7,0.875,2,6.06,6576.14
hortalizas,950.0,6,0.75,2,6.33,2507.07
otros,540.0,29,0.6744,9,1.66,2288.25
frutas,1.0,4,0.8,8,3.76,2767.62
tuberculos,2850.0,43,0.7167,12,2.78,1313.55
otros,550.0,12,0.6667,11,3.25,2294.2
frutas,10.0,0,0.0,1,0.04,1732.87
hortalizas,2950.0,4,0.8,8,2.36,1682.1
tuberculos,1080.0,1,0.0286,12,3.78,923.23
otros,2.0,5,0.625,8,1.27,2293.65
tuberculos,40.0,10,0.1961,3,9.15,1198.99
otros,212.5,7,0.875,7,2.43,2365.82
hortalizas,475.0,5,0.3571,7,4.83,1496.26
hortalizas,1450.0,6,0.8571,6,0.33,1500.61
granos,462.5,147,0.4212,4,1.69,3248.25
frutas,312.5,1,0.1111,3,3.53,2456.87
tuberculos,600.0,6,0.1364,3,2.35,906.2
tuberculos,1180.0,10,0.3704,8,4.76,1379.92
granos,150.0,236,0.9365,8,3.47,3219.17
frutas,700.0,10,0.7143,11,2.88,2450.58
lacteos,59.0,0,0.0,12,2.46,2668.33
otros,600.0,1,0.0303,8,6.58,1650.73
frutas,1000.0,9,0.6923,7,10.22,3065.99
lacteos,1040.0,5,0.625,10,13.8,4583.15
lacteos,1000.0,4,0.5714,4,0.26,2972.73
otros,2200.0,11,0.4783,2,5.9,2228.53
otros,7.0,15,0.2632,9,6.76,2818.05
otros,1000.0,2,0.0385,9,2.66,1593.68
tuberculos,1060.0,33,0.8049,8,6.93,1854.6
hortalizas,487.5,5,0.625,7,14.98,1850.48
granos,33.0,24,0.0839,5,2.06,2855.48
frutas,42.0,11,0.6875,6,5.44,3239.9
granos,550.0,170,0.512,12,6.76,3353.87
lacteos,212.5,7,0.7,5,13.9,4233.92
tuberculos,40.0,0,0.0,7,6.95,1046.53
tuberculos,300.0,15,0.3333,5,4.04,1010.04
granos,9.0,79,0.233,12,3.17,2767.7
frutas,1120.0,0,0.0,11,2.78,1372.49
lacteos,27.0,6,0.75,10,13.6,5507.17
lacteos,55.0,5,0.3571,5,3.16,3483.37
tuberculos,62.5,24,0.4706,10,0.96,1410.04
frutas,1500.0,6,0.8571,6,6.21,3239.13
lacteos,980.0,2,0.2222,12,3.14,3228.35
lacteos,550.0,9,0.6429,9,1.17,2964.55
hortalizas,31.0,14,1.0,1,12.63,3172.46
lacteos,140.0,1,0.3333,7,1.37,2434.85
tuberculos,475.0,15,0.4054,8,0.75,1158.11
granos,56.0,168,0.5813,9,3.25,3906.38
granos,150.0,87,0.719,7,7.28,5975.33
hortalizas,187.5,3,0.2727,7,0.39,1018.39
frutas,800.0,15,1.0,6,1.7,2896.29
lacteos,250.0,3,0.375,6,7.27,3341.18
lacteos,2450.0,6,0.6667,9,8.62,3932.7
otros,880.0,6,0.4,4,8.7,1888.26
granos,2650.0,17,0.0821,8,1.18,2233.8
lacteos,220.0,12,1.0,1,2.27,5149.22
frutas,650.0,4,0.2667,8,1.14,1601.68
tuberculos,300.0,4,0.1081,9,10.46,1433.61
granos,840.0,244,0.7846,10,3.57,3049.47
granos,537.5,109,0.4275,7,4.36,3154.33
tuberculos,1020.0,1,0.0435,1,1.95,728.53
hortalizas,51.0,3,0.2727,3,1.48,1563.52
hortalizas,450.0,5,0.7143,8,4.24,1890.11
hortalizas,1950.0,1,0.1429,4,1.35,1045.25
tuberculos,1120.0,10,0.1852,10,7.42,1335.51
tuberculos,1100.0,6,0.1176,7,1.24,1027.75
frutas,2000.0,5,0.2632,4,1.52,1983.22
frutas,1140.0,12,0.75,4,2.63,3195.36
tuberculos,150.0,26,0.9286,8,3.7,1823.38
hortalizas,37.5,2,0.2857,9,3.57,1470.96
granos,560.0,143,0.4497,3,6.25,3217.2
frutas,35.0,14,0.875,8,1.99,2831.02
granos,52.0,115,0.8647,5,1.03,4295.46
granos,1300.0,205,1.0,2,4.62,3565.34
tuberculos,1450.0,4,0.1905,3,0.57,785.03
hortalizas,39.0,2,0.4,1,4.03,2195.99
tuberculos,400.0,21,1.0,12,5.04,1456.09
tuberculos,6.0,6,0.2609,10,1.01,1039.39
frutas,44.0,1,0.0833,2,11.84,2320.96
granos,212.5,21,0.075,12,2.38,1961.73
lacteos,2400.0,0,0.0,11,4.3,2445.37
hortalizas,900.0,5,0.8333,11,4.34,1975.28
tuberculos,27.0,36,0.8571,5,2.39,1567.78
tuberculos,300.0,25,0.4717,12,7.86,1429.62
frutas,1140.0,6,0.3529,1,1.63,2486.14
hortalizas,537.5,5,0.625,5,1.92,1544.71
lacteos,960.0,1,0.25,1,4.24,3574.47
otros,250.0,5,0.3125,4,3.15,1638.38
frutas,300.0,11,0.55,1,0.96,2332.3
granos,2600.0,2,0.0111,11,1.55,1610.51
otros,51.0,35,0.7778,1,2.31,2205.14
frutas,550.0,2,0.1,10,0.32,1331.94
granos,26.0,38,0.1397,10,3.08,2781.74
granos,960.0,25,0.2083,12,0.59,1846.82
otros,500.0,30,1.0,1,2.45,2625.06
hortalizas,39.0,0,0.0,3,1.88,1219.58
granos,1060.0,21,0.1567,1,7.37,2613.38
frutas,140.0,3,0.15,8,6.74,2264.23
tuberculos,200.0,1,0.0345,2,13.32,998.21
hortalizas,37.5,2,0.3333,6,6.1,1714.15
lacteos,700.0,5,0.7143,3,0.58,3161.87
lacteos,25.0,2,0.25,7,2.35,2994.43
frutas,100.0,1,0.0769,11,8.33,2495.43
otros,12.5,10,0.7143,5,3.15,2037.26
lacteos,49.0,0,0.0,4,2.37,2091.67
otros,537.5,10,0.2703,5,1.68,1467.16
frutas,1150.0,8,0.8889,7,4.97,2817.4
otros,680.0,15,0.7895,4,8.13,2360.54
hortalizas,31.0,4,0.8,2,2.2,2691.29
granos,25.0,174,0.8614,1,9.94,4301.86
tuberculos,32.0,19,0.4419,3,1.11,910.6
tuberculos,160.0,21,0.5122,8,4.02,1703.23
hortalizas,1140.0,2,0.2222,2,2.62,1616.77
otros,500.0,55,0.9167,1,5.97,2906.76
tuberculos,1750.0,21,0.5385,3,6.7,1314.42
tuberculos,140.0,30,0.5357,2,4.11,1407.36
tuberculos,440.0,6,0.1053,10,5.13,1149.19
hortalizas,337.5,5,0.3333,4,1.03,1294.54
tuberculos,337.5,43,0.7288,9,4.69,1661.82
hortalizas,880.0,10,0.9091,7,5.87,2200.54
frutas,525.0,8,0.6154,1,8.64,3630.8
tuberculos,362.5,31,0.9394,11,3.62,1622.58
lacteos,1650.0,2,0.5,2,4.59,4098.45
tuberculos,53.0,8,0.2667,7,5.55,1367.21
lacteos,2900.0,3,0.25,1,1.02,2958.55
otros,112.5,33,0.6346,3,2.62,1807.39
lacteos,2700.0,1,0.1111,6,4.69,2255.45
lacteos,47.0,1,0.3333,8,5.19,3921.99
tuberculos,200.0,32,0.9412,2,10.77,1425.14
otros,325.0,41,0.8039,10,1.79,3060.19
tuberculos,662.5,39,0.975,12,2.08,1134.92
tuberculos,38.0,24,0.6857,4,5.89,1623.68
granos,2350.0,23,0.1,7,2.71,2808.77
hortalizas,200.0,1,0.0667,6,0.93,1057.02
granos,1450.0,55,0.5446,10,0.74,2565.03
frutas,47.0,9,0.75,3,2.16,3687.79
tuberculos,480.0,38,0.8261,12,1.96,1305.97
tuberculos,87.5,26,0.8387,1,1.96,1339.31
tuberculos,460.0,21,0.4884,5,5.22,1138.82
granos,100.0,135,0.3994,4,10.81,3972.23
frutas,87.5,3,0.4286,1,3.54,2513.03
otros,500.0,14,0.3684,4,4.43,1681.41
frutas,2000.0,4,0.4444,5,1.75,2540.85
frutas,400.0,11,0.6111,2,3.82,2977.34
otros,160.0,19,1.0,1,4.66,2927.05
otros,340.0,38,0.717,7,2.48,2164.65
tuberculos,2350.0,10,0.1724,10,7.99,1381.43
tuberculos,300.0,19,0.3393,5,1.62,885.27
granos,480.0,76,0.5468,8,5.39,3600.5
frutas,737.5,8,0.5333,4,4.82,3095.19
lacteos,620.0,1,0.1,8,1.81,2124.27
tuberculos,2750.0,11,0.2619,2,9.38,1097.57
tuberculos,47.0,26,0.7222,3,2.84,1275.87
granos,1180.0,60,0.6186,11,2.0,2643.43
lacteos,2000.0,3,1.0,7,2.42,3479.49
tuberculos,1200.0,28,0.7778,6,11.47,1776.62
frutas,42.0,8,0.8889,5,1.47,3282.76
otros,820.0,5,0.2174,3,2.33,1702.59
lacteos,1300.0,1,0.2,3,7.23,3851.89
frutas,29.0,5,0.4545,1,1.07,2852.0
otros,11.0,29,0.8286,6,9.7,3545.15
hortalizas,275.0,2,0.1667,9,0.95,1251.97
frutas,362.5,10,1.0,6,2.11,2724.0
hortalizas,1800.0,6,0.5455,4,9.17,1933.46
granos,437.5,8,0.069,4,1.11,2294.59
frutas,1950.0,3,0.5,1,5.15,2501.85
hortalizas,325.0,8,0.8,12,2.34,2075.12
frutas,2500.0,7,1.0,7,3.95,2680.27
hortalizas,340.0,2,0.2857,8,1.48,1210.83
tuberculos,2450.0,13,0.2364,10,7.16,1432.14
granos,49.0,54,0.1875,9,3.16,3005.12
lacteos,45.0,5,1.0,3,0.81,4668.39
granos,1050.0,272,0.8608,7,0.7,3592.22
otros,53.0,3,0.1364,8,3.21,1952.59
otros,22.0,2,0.0714,11,4.21,1847.17
tuberculos,2000.0,12,0.5714,1,3.13,1110.86
lacteos,32.0,6,0.4286,8,6.9,4074.8
frutas,587.5,3,0.2308,10,4.56,2055.53
frutas,48.0,4,0.2105,9,6.49,2389.92
tuberculos,1800.0,38,0.8261,2,5.26,1269.09
hortalizas,2650.0,4,0.6667,9,0.44,1545.76
hortalizas,560.0,9,0.8182,6,2.06,1684.07
tuberculos,325.0,11,0.55,3,2.55,1048.22
granos,3.0,304,0.9806,6,0.55,4335.43
granos,750.0,168,0.5526,7,0.46,3297.8
lacteos,3.0,7,0.875,3,4.26,5023.65
hortalizas,662.5,13,0.9286,8,8.21,2424.11
tuberculos,2500.0,4,0.16,9,4.94,1212.06
lacteos,380.0,0,0.0,1,0.75,2307.52
lacteos,1450.0,5,0.3846,11,1.97,2990.8
lacteos,850.0,0,0.0,9,9.94,2479.1
tuberculos,350.0,2,0.0513,10,2.28,988.69
otros,520.0,9,0.5625,3,1.43,1603.76
hortalizas,140.0,3,0.3333,8,2.7,1569.97
hortalizas,200.0,1,0.1667,2,2.05,1577.67
tuberculos,1080.0,0,0.0,12,3.01,864.67
otros,250.0,7,0.2059,12,1.44,2007.49
granos,300.0,31,0.0957,11,4.68,2311.63
granos,250.0,148,0.7957,4,0.58,3929.74
tuberculos,25.0,12,0.2353,1,0.91,867.34
tuberculos,300.0,26,0.7222,12,9.35,1427.03
tuberculos,18.0,25,0.5556,10,3.6,1649.63
otros,1500.0,30,0.6383,3,5.31,2400.09
granos,1600.0,21,0.1111,10,4.48,1937.37
tuberculos,16.0,4,0.1429,7,2.8,1348.73
hortalizas,860.0,6,0.5,9,6.76,2040.43
granos,162.5,111,0.3627,6,11.1,3948.66
tuberculos,50.0,5,0.102,7,12.03,1418.95
hortalizas,150.0,3,0.25,12,3.49,1934.5
granos,225.0,140,0.614,3,8.56,3979.44
hortalizas,19.0,0,0.0,4,6.27,1353.49
lacteos,450.0,12,0.8,11,2.49,4260.61
lacteos,780.0,8,0.8,11,2.8,3684.17
frutas,2600.0,13,0.8125,8,4.22,2594.09
otros,42.0,16,0.8,1,1.48,2438.14
granos,31.0,83,0.9121,12,4.17,3394.17
lacteos,850.0,5,0.5,5,2.04,3138.86
otros,512.5,20,0.3333,2,5.11,1637.38
hortalizas,350.0,6,0.75,3,1.47,2030.68
frutas,620.0,5,1.0,8,7.92,2754.37
lacteos,275.0,3,0.25,2,1.7,3551.21
granos,440.0,132,0.7135,5,2.67,4234.82
hortalizas,1600.0,7,0.7,7,9.52,1941.51
otros,712.5,44,0.8302,8,3.83,2404.65
frutas,700.0,14,0.8235,9,1.7,2012.19
frutas,540.0,5,0.8333,2,2.46,3396.06
granos,150.0,45,0.4639,9,4.29,3747.25
lacteos,675.0,1,0.2,8,3.78,2936.07
otros,250.0,29,0.8529,10,4.49,3021.48
otros,850.0,9,0.2308,7,2.47,1645.52
tuberculos,42.0,10,0.2857,10,5.21,1536.22
frutas,42.0,12,0.9231,9,5.66,3093.31
granos,562.5,115,0.6425,9,4.33,3816.06
tuberculos,42.0,1,0.0208,3,0.6,699.26
frutas,340.0,19,1.0,2,0.42,2812.5
frutas,1200.0,7,0.5,1,7.95,3516.24
frutas,537.5,5,1.0,8,2.94,2464.13
granos,300.0,3,0.0275,11,2.78,1925.3
hortalizas,1060.0,5,0.3846,1,9.26,1988.66
lacteos,500.0,11,0.9167,10,0.98,3790.48
otros,450.0,2,0.0541,8,1.69,1559.12
frutas,680.0,16,1.0,11,3.06,2534.62
otros,350.0,0,0.0,6,2.44,1349.15
frutas,687.5,9,1.0,2,5.91,3720.59
granos,17.0,139,0.8035,12,3.52,3250.37
frutas,320.0,0,0.0,8,12.27,1798.6
hortalizas,125.0,6,0.75,12,3.58,2242.76
lacteos,6.0,6,0.75,5,1.13,3308.64
frutas,700.0,0,0.0,1,2.62,1546.43
otros,51.0,25,0.5556,1,5.41,2537.89
hortalizas,1120.0,0,0.0,2,3.87,1328.52
hortalizas,2300.0,3,0.3333,9,5.68,1734.46
hortalizas,5.0,0,0.0,3,2.17,1319.5
lacteos,120.0,0,0.0,7,3.68,2065.55
lacteos,450.0,8,0.5714,5,5.82,3423.28
frutas,380.0,5,0.8333,2,2.59,3106.83
tuberculos,1160.0,13,0.2549,6,9.88,1507.44
tuberculos,500.0,39,0.8298,7,6.95,1756.67
granos,737.5,92,0.9109,3,3.68,3738.33
hortalizas,60.0,5,0.5,1,0.75,1857.94
frutas,13.0,2,0.1429,8,2.75,2052.7
hortalizas,3.0,3,0.6,5,0.71,1759.78
otros,1100.0,11,0.7857,5,6.1,2286.11
lacteos,3.0,3,0.2727,9,12.78,4263.85
granos,2700.0,31,0.127,2,19.83,3219.39
hortalizas,1400.0,4,0.5714,8,1.46,1333.61
lacteos,34.0,10,0.7143,9,14.42,3814.57
frutas,140.0,7,0.875,10,3.24,2377.17
tuberculos,125.0,10,0.2778,11,2.82,1101.08
otros,600.0,14,0.5385,4,2.7,1615.15
frutas,28.0,9,0.5294,1,5.82,3257.85
frutas,180.0,7,0.875,11,3.77,3288.34
tuberculos,900.0,4,0.0714,8,1.55,929.89
hortalizas,1850.0,4,0.3333,10,1.72,1395.36
frutas,8.0,3,0.15,2,5.45,2736.27
granos,662.5,124,0.4261,10,4.39,2984.49
hortalizas,537.5,7,0.7,5,8.22,2130.14
frutas,200.0,1,0.0833,3,3.04,2094.06
lacteos,1060.0,1,0.2,6,4.61,2463.45
hortalizas,850.0,1,0.125,1,5.23,1532.0
tuberculos,460.0,35,0.7609,7,15.34,1531.02
lacteos,2750.0,1,0.1667,2,1.8,3398.48
hortalizas,1040.0,7,0.5385,2,1.56,1555.47
lacteos,250.0,4,0.5714,2,11.35,4333.25
tuberculos,50.0,40,1.0,1,8.77,1849.61
frutas,800.0,4,0.2,10,4.72,1764.79
tuberculos,41.0,44,0.9362,12,1.64,1395.74
granos,500.0,172,0.5196,5,2.73,3664.79
granos,880.0,28,0.1037,4,3.21,2923.8
hortalizas,2100.0,8,0.5714,5,2.93,1278.67
otros,950.0,2,0.2857,1,6.18,1884.13
tuberculos,56.0,32,0.5517,1,1.67,959.13
hortalizas,900.0,9,1.0,9,5.22,2268.1
granos,1150.0,82,0.6074,3,6.19,4280.56
granos,320.0,7,0.0686,2,4.79,2265.34
otros,437.5,20,0.4082,8,2.51,2186.62
lacteos,440.0,3,0.6,10,2.25,3692.02
lacteos,387.5,1,0.125,11,2.14,2958.84
frutas,87.5,2,0.2857,5,1.68,2395.34
hortalizas,2500.0,4,0.3636,10,1.09,1551.58
lacteos,275.0,3,0.25,6,1.2,2464.58
tuberculos,1060.0,52,0.8814,3,1.35,969.87
tuberculos,712.5,23,0.5111,12,6.82,1614.8
otros,200.0,46,0.9388,4,6.18,2294.95
tuberculos,2800.0,17,0.4146,2,2.36,1030.81
tuberculos,40.0,54,0.9643,3,2.13,1247.34
hortalizas,2700.0,0,0.0,7,5.47,1179.26
frutas,780.0,0,0.0,12,0.52,1511.85
granos,24.0,196,0.8,4,1.41,3689.66
hortalizas,360.0,12,1.0,8,10.51,2449.14
lacteos,260.0,5,0.5,11,6.65,4323.02
granos,200.0,6,0.0392,8,3.07,3071.53
lacteos,45.0,4,0.3077,8,2.84,3160.92
hortalizas,1800.0,7,1.0,9,5.8,2225.9
otros,19.0,11,0.3143,6,0.98,1747.25
otros,7.0,46,0.8214,9,1.32,2893.04
lacteos,300.0,4,0.5714,4,2.25,3464.61
lacteos,1.0,2,0.3333,2,3.57,4349.98
lacteos,2700.0,0,0.0,12,2.6,2291.24
lacteos,42.0,5,0.8333,12,2.63,4448.55
otros,52.0,6,0.8571,7,4.19,2496.66
lacteos,220.0,10,0.7692,3,2.27,4518.39
granos,312.5,38,0.1041,1,3.1,2196.27
granos,87.5,149,0.8371,6,1.57,3502.12
lacteos,44.0,10,0.9091,1,1.39,4774.7
lacteos,55.0,15,1.0,4,0.42,3691.06
frutas,8.0,2,0.1667,3,0.62,2205.57
otros,212.5,8,0.1379,2,1.4,1460.73
tuberculos,650.0,8,0.4,12,4.31,1259.4
tuberculos,1180.0,2,0.0571,12,1.45,857.55
frutas,6.0,4,0.4444,11,10.35,3286.58
frutas,1350.0,5,0.25,1,3.76,2073.94
hortalizas,362.5,5,0.625,10,2.06,1695.2
hortalizas,780.0,11,1.0,8,9.73,2592.85
lacteos,1120.0,0,0.0,1,5.27,2737.02
frutas,1950.0,6,0.3529,1,4.75,2500.37
tuberculos,475.0,28,0.8235,3,4.74,1300.8
lacteos,750.0,0,0.0,8,2.31,1873.01
frutas,462.5,6,0.4286,12,2.56,2141.1
tuberculos,2800.0,27,0.587,3,3.06,1031.87
hortalizas,2950.0,4,0.2667,9,4.1,1677.84
granos,10.0,2,0.0159,3,5.91,2847.32
granos,18.0,85,0.7143,3,1.43,3634.67
frutas,400.0,2,0.2857,7,5.17,2138.51
granos,15.0,26,0.072,6,4.8,3139.23
lacteos,137.5,1,0.1,6,3.68,2194.11
granos,350.0,100,0.3484,3,6.41,3297.57
lacteos,62.5,12,0.9231,10,6.54,4950.96
tuberculos,587.5,1,0.0196,11,1.11,862.38
hortalizas,75.0,11,0.7857,5,4.26,1978.59
frutas,58.0,8,0.8,3,3.05,3360.44
hortalizas,45.0,9,0.6429,8,3.58,2231.4
lacteos,637.5,2,0.1429,7,3.58,2214.2
granos,212.5,115,0.46,10,2.65,3071.81
granos,1020.0,134,0.4702,6,3.21,3404.79
frutas,25.0,7,0.5833,6,8.49,3421.86
lacteos,2300.0,1,0.1667,9,1.27,2198.18
frutas,500.0,9,0.75,9,3.19,2384.75
granos,920.0,35,0.0972,1,0.89,1631.17
frutas,650.0,4,0.8,7,3.28,2403.84
granos,340.0,144,0.6575,2,2.55,3286.22
frutas,20.0,0,0.0,3,6.34,2224.69
hortalizas,42.0,7,0.5,5,5.13,1601.45
frutas,2400.0,5,0.7143,6,1.24,2066.91
otros,2050.0,39,0.9512,7,4.48,2401.7
frutas,700.0,5,0.3571,10,2.04,1975.94
tuberculos,462.5,35,0.6863,12,13.76,1840.98
granos,487.5,133,0.3923,4,5.98,2820.02
hortalizas,350.0,2,0.1538,1,2.65,1605.0
lacteos,920.0,0,0.0,10,1.93,2538.81
granos,400.0,70,0.3302,11,0.67,2126.64
granos,14.0,13,0.065,9,4.58,2772.07
otros,50.0,1,0.0357,8,1.9,1793.68
lacteos,2050.0,1,0.1667,12,0.56,2493.47
frutas,2750.0,11,0.7857,2,4.06,3126.24
lacteos,1000.0,1,0.0833,10,6.85,3132.79
tuberculos,20.0,1,0.0256,1,3.61,860.92
granos,49.0,111,0.3558,4,2.5,3162.79
hortalizas,900.0,4,0.8,8,1.11,1880.54
frutas,450.0,4,0.4444,2,1.42,2783.86
lacteos,39.0,0,0.0,11,2.47,2494.75
granos,1080.0,51,0.4857,1,7.04,3124.05
hortalizas,280.0,3,0.2308,11,5.64,2053.8
frutas,350.0,4,0.6667,8,3.36,2490.3
frutas,18.0,6,1.0,6,4.41,3552.25
frutas,15.0,2,0.4,6,4.69,2907.69
otros,57.0,4,0.1429,11,2.07,1979.01
lacteos,39.0,4,0.4,6,4.38,3203.18
frutas,420.0,4,0.25,7,7.82,2258.31
tuberculos,80.0,18,0.7826,12,4.81,1560.76
hortalizas,512.5,6,0.75,1,0.85,2144.54
tuberculos,12.5,29,0.8286,6,0.34,1372.24
tuberculos,680.0,7,0.3182,7,6.59,1388.09
lacteos,22.0,0,0.0,6,1.44,2050.06
frutas,712.5,1,0.1667,7,6.33,2319.59
tuberculos,600.0,22,0.6111,9,2.14,1406.03
tuberculos,312.5,27,0.7714,5,1.75,1186.68
frutas,1040.0,9,1.0,12,3.84,2840.53
granos,27.0,188,0.7769,7,1.58,4515.61
hortalizas,24.0,0,0.0,2,3.55,1300.86
granos,34.0,176,0.8263,3,0.66,3268.24
hortalizas,612.5,3,0.5,5,0.89,1305.91
tuberculos,387.5,5,0.1,12,9.12,1121.71
lacteos,60.0,2,0.1333,6,5.67,2876.17
otros,44.0,28,0.875,4,9.42,2451.58
frutas,9.0,1,0.05,11,0.89,1661.83
tuberculos,160.0,16,0.4444,8,6.43,1837.57
tuberculos,600.0,19,0.475,11,1.16,1253.68
lacteos,27.0,1,0.25,4,3.87,3062.99
lacteos,14.0,15,1.0,9,2.02,4012.1
otros,1100.0,5,0.4167,9,3.61,2107.6
frutas,400.0,2,0.1176,9,0.63,1711.93
hortalizas,980.0,6,1.0,11,0.95,2473.2
lacteos,500.0,3,0.75,8,2.97,3526.55
hortalizas,80.0,6,0.6667,4,3.11,2218.21
lacteos,25.0,12,0.8,6,7.79,4036.64
tuberculos,2.0,17,0.2931,1,4.97,1074.19
hortalizas,312.5,6,1.0,10,1.97,2158.84
otros,487.5,30,0.6818,2,0.57,1889.77
granos,650.0,276,0.955,4,8.54,4965.78
frutas,1900.0,10,0.625,3,7.83,3673.6
otros,487.5,45,0.9375,8,10.46,3907.4
otros,280.0,26,0.6842,9,5.64,3123.98
hortalizas,1050.0,4,0.4444,7,6.94,1481.55
frutas,2950.0,2,0.2222,11,6.31,2135.35
hortalizas,175.0,3,0.5,8,0.99,1497.73
hortalizas,262.5,5,0.4545,1,0.86,2059.95
hortalizas,53.0,2,0.4,10,11.73,2478.25
tuberculos,58.0,17,0.3269,4,2.1,1161.63
lacteos,400.0,1,0.2,5,1.81,2852.34
otros,275.0,26,0.7647,8,0.86,2055.88
tuberculos,37.5,10,0.1786,5,5.6,1055.66
hortalizas,650.0,6,0.8571,6,3.96,1862.36
granos,850.0,95,0.5398,6,3.7,3421.26
otros,500.0,18,1.0,8,1.27,2739.35
tuberculos,1500.0,36,0.6923,1,3.3,1062.33
tuberculos,260.0,10,0.1724,10,4.82,1467.9
hortalizas,35.0,4,0.8,4,2.28,2016.27
otros,140.0,3,0.0536,8,3.22,1645.03
tuberculos,1150.0,21,0.4565,4,6.19,1406.27
hortalizas,950.0,5,0.8333,12,9.03,2425.51
hortalizas,47.0,9,0.6923,2,2.41,1929.38
granos,1050.0,54,0.3313,8,2.56,2709.68
tuberculos,1040.0,16,0.7619,4,1.11,1176.41
frutas,1160.0,13,0.9286,4,5.53,3685.59
tuberculos,640.0,25,0.7576,7,4.09,1544.23
frutas,44.0,4,0.8,1,5.34,3970.46
otros,1160.0,22,0.5,5,6.0,2023.36
otros,49.0,12,0.5,12,0.41,2204.94
otros,1050.0,21,0.6,3,1.34,1657.75
lacteos,512.5,0,0.0,1,4.25,3062.43
hortalizas,1850.0,10,1.0,10,0.72,1918.11
frutas,33.0,8,1.0,11,1.72,2954.51
granos,8.0,57,0.2938,4,1.01,2935.14
lacteos,2700.0,4,1.0,9,3.55,4153.29
lacteos,58.0,9,0.6,4,5.5,4183.67
granos,940.0,18,0.0905,2,6.98,2320.06
tuberculos,300.0,26,0.4727,8,0.95,1311.63
frutas,2.0,16,1.0,4,0.69,3363.91
frutas,33.0,13,1.0,5,2.91,3600.39
otros,900.0,19,0.6129,3,3.7,1916.4
hortalizas,1.0,8,0.8,5,1.09,1718.24
tuberculos,12.0,18,0.439,11,2.18,1356.1
hortalizas,80.0,11,0.7333,2,1.23,1746.12
hortalizas,650.0,5,0.8333,11,2.36,2223.33
frutas,27.0,10,0.5882,4,5.25,3439.55
granos,275.0,228,0.6477,4,2.56,3030.09
granos,250.0,96,0.6713,6,3.44,4206.77
tuberculos,575.0,10,0.4545,9,3.73,1395.28
hortalizas,2350.0,7,0.7,7,4.9,1755.37
granos,24.0,119,0.5891,1,2.03,3247.74
granos,600.0,10,0.0284,5,7.67,3056.21
hortalizas,35.0,11,1.0,1,4.24,2811.42
granos,580.0,48,0.2667,5,1.4,2535.78
tuberculos,360.0,29,0.7838,5,4.07,1504.32
otros,500.0,40,0.7018,11,1.82,2468.13
tuberculos,19.0,26,0.5652,5,4.82,1344.06
otros,400.0,53,0.9298,5,3.98,2455.92
lacteos,2700.0,1,0.0769,6,1.65,2071.95
otros,250.0,22,0.8148,4,0.72,2116.26
tuberculos,420.0,7,0.3182,9,3.6,1414.95
otros,450.0,33,0.7333,1,3.47,2369.55
lacteos,2050.0,10,0.9091,10,3.71,3859.26
frutas,75.0,17,0.9444,3,5.91,3599.14
frutas,1.0,2,0.2857,9,11.36,2273.04
granos,237.5,71,0.6574,7,1.13,3851.64
frutas,287.5,8,0.8,1,1.8,2822.31
granos,580.0,304,0.8588,5,4.68,4545.86
lacteos,340.0,4,0.5,2,6.98,4391.34
lacteos,200.0,8,0.8889,2,1.65,4381.14
tuberculos,900.0,13,0.3023,10,16.62,1502.0
otros,15.0,14,0.5385,4,2.89,1799.11
lacteos,32.0,4,0.4,1,6.15,4364.14
granos,59.0,143,0.9862,12,3.42,3691.86
tuberculos,15.0,29,0.5,10,0.64,1610.2
granos,1350.0,101,0.3079,12,3.27,2498.19
hortalizas,4.0,10,1.0,10,2.85,2507.57
tuberculos,300.0,34,0.6667,8,2.62,1576.44
frutas,760.0,2,0.1176,7,2.54,1944.12
otros,212.5,43,0.7679,12,4.0,2815.4
tuberculos,1160.0,24,0.6,7,3.49,1305.38
frutas,56.0,0,0.0,8,6.99,1863.13
lacteos,600.0,11,0.7857,11,2.54,3842.93
lacteos,34.0,3,0.75,2,0.6,4197.74
lacteos,650.0,1,0.1111,4,2.08,2390.57
granos,920.0,73,0.2074,10,1.74,2281.19
hortalizas,45.0,7,0.7778,10,1.35,2228.71
tuberculos,4.0,25,0.6098,9,6.03,1976.27
tuberculos,12.5,28,0.8,1,0.64,1289.68
tuberculos,240.0,13,0.3714,11,0.39,1092.32
tuberculos,462.5,9,0.36,4,0.9,887.94
granos,1050.0,116,0.9134,8,10.39,5187.55
lacteos,740.0,11,0.7857,2,3.72,4209.75
frutas,300.0,5,0.7143,2,3.37,2631.28
otros,512.5,23,0.4107,8,10.45,2529.12
otros,100.0,0,0.0,1,4.68,1638.53
otros,38.0,45,0.8182,2,2.87,2445.67
tuberculos,1950.0,15,0.2679,9,4.2,1429.79
granos,2300.0,3,0.0116,1,6.98,2135.64
frutas,840.0,3,0.5,5,1.79,2236.91
tuberculos,15.0,15,0.4286,3,1.88,960.12
tuberculos,1.0,21,0.5122,9,2.17,1577.5
tuberculos,300.0,0,0.0,7,1.9,765.34
granos,400.0,113,0.5231,7,1.41,3307.97
tuberculos,940.0,9,0.45,1,1.9,1031.99
frutas,760.0,8,0.8,1,3.82,3569.49
otros,180.0,11,1.0,9,2.1,2718.48
tuberculos,500.0,14,0.4118,12,2.17,1223.03
otros,580.0,5,0.2083,9,2.64,1821.25
lacteos,150.0,1,0.25,9,6.36,3478.3
frutas,1350.0,2,0.1333,7,12.82,2272.19
granos,1550.0,26,0.1429,9,9.83,3255.3
lacteos,1040.0,5,0.7143,11,2.71,4044.55
hortalizas,500.0,4,0.5714,7,1.54,1538.42
otros,612.5,4,0.2667,2,3.47,1621.89
frutas,1700.0,11,0.7857,2,0.77,2504.39
granos,340.0,136,0.406,7,4.27,4085.03
granos,262.5,300,0.974,11,4.2,3251.65
hortalizas,31.0,5,0.5556,8,2.16,1704.19
tuberculos,7.0,28,0.6222,10,4.3,2003.07
hortalizas,1150.0,1,0.1429,12,5.63,1647.34
tuberculos,712.5,1,0.0385,6,3.24,1016.23
lacteos,525.0,6,0.6667,9,2.31,3150.27
otros,960.0,29,0.8286,8,6.53,2754.44
granos,950.0,134,0.3785,5,1.06,3406.76
frutas,680.0,12,0.7059,11,6.32,2333.71
frutas,14.0,9,0.45,7,2.95,2316.72
tuberculos,140.0,3,0.1304,5,0.75,889.25
otros,1150.0,40,0.9756,11,1.06,2404.7
granos,100.0,162,0.5891,1,4.37,3463.76
frutas,440.0,9,0.6923,3,0.54,2490.53
lacteos,350.0,4,0.5,12,2.24,3996.59
hortalizas,250.0,1,0.0833,1,5.82,1457.98
hortalizas,41.0,1,0.0909,5,0.59,1142.46
otros,27.0,15,0.3261,5,0.23,1535.08
granos,56.0,260,0.7975,1,0.95,2448.17
lacteos,1050.0,3,0.6,2,1.01,4488.65
lacteos,300.0,8,1.0,12,1.18,3540.29
lacteos,32.0,8,1.0,3,1.39,4459.56
frutas,150.0,4,0.8,11,1.92,2593.64
granos,112.5,38,0.3486,1,2.54,2447.26
otros,1150.0,14,0.3182,11,3.13,2358.51
hortalizas,1000.0,3,0.25,2,4.96,1734.07
granos,1750.0,254,0.7674,12,14.82,3643.12
frutas,2600.0,1,0.125,4,4.62,2208.04
otros,160.0,25,0.8621,10,1.86,3030.88
otros,35.0,2,0.2,1,1.64,1655.72
lacteos,250.0,5,0.4545,5,8.95,3564.52
frutas,512.5,16,1.0,1,6.35,3465.43
otros,600.0,15,0.8333,8,2.6,2954.29
lacteos,637.5,12,0.8571,6,5.54,3734.93
hortalizas,487.5,5,1.0,6,0.91,1667.52
otros,44.0,13,0.9286,12,0.75,2351.43
tuberculos,30.0,11,0.2895,5,2.33,1067.43
otros,1050.0,15,0.6818,8,7.33,2576.25
hortalizas,50.0,2,0.25,1,1.87,1831.82
tuberculos,650.0,1,0.0303,6,0.55,728.47
tuberculos,1950.0,6,0.1714,5,0.87,807.99
granos,20.0,8,0.0734,7,3.85,3184.73
tuberculos,612.5,25,0.5814,9,5.1,1654.22
hortalizas,860.0,10,0.7143,6,3.27,1522.5
granos,37.5,62,0.3298,6,6.37,4175.37
frutas,28.0,0,0.0,8,8.17,2051.73
frutas,100.0,19,0.95,3,5.87,3820.4
otros,725.0,1,0.0167,5,3.91,1247.91
tuberculos,1800.0,2,0.0714,11,5.26,1138.88
granos,12.0,268,0.8349,7,5.94,4787.1
lacteos,1350.0,5,0.8333,3,8.66,5256.8
hortalizas,280.0,3,0.3,5,4.46,1454.76
granos,460.0,90,0.4186,8,3.48,3565.16
otros,462.5,3,0.15,4,4.0,1639.47
frutas,360.0,7,0.7778,7,6.91,2724.74
frutas,43.0,2,0.1333,5,4.64,2574.91
otros,212.5,53,1.0,11,3.25,2533.85
hortalizas,225.0,12,0.8571,3,0.65,1733.71
granos,650.0,63,0.3351,7,1.32,3097.83
hortalizas,220.0,10,1.0,7,3.02,2014.45
hortalizas,1120.0,11,0.9167,8,0.69,1476.49
tuberculos,5.0,3,0.0714,6,3.29,1031.34
granos,55.0,176,0.7333,11,0.62,2506.99
hortalizas,19.0,9,0.6,11,0.45,2009.44
hortalizas,1040.0,0,0.0,11,3.45,1303.34
frutas,300.0,4,0.8,1,3.69,3019.89
granos,187.5,107,0.8992,7,12.12,5644.46
otros,1700.0,43,0.8269,3,1.36,2042.65
tuberculos,250.0,5,0.1613,12,2.31,1025.76
otros,52.0,50,0.8333,8,3.43,2205.69
lacteos,18.0,9,0.6923,6,0.38,3297.9
otros,950.0,17,0.9444,9,1.33,2446.55
tuberculos,2400.0,0,0.0,6,5.02,988.81
granos,225.0,164,0.82,1,3.31,2726.89
hortalizas,1000.0,8,0.5714,11,1.69,1917.53
frutas,850.0,0,0.0,3,2.26,1907.39
frutas,440.0,6,1.0,6,5.81,3516.93
hortalizas,920.0,4,0.2857,12,3.93,1852.81
frutas,42.0,6,0.3529,4,7.25,3947.26
granos,75.0,1,0.0034,7,3.88,2309.35
lacteos,125.0,5,0.3846,4,7.71,4018.59
hortalizas,19.0,1,0.0667,7,6.42,1504.05
frutas,34.0,3,0.1765,2,0.31,2053.83
tuberculos,487.5,27,0.7714,6,1.26,1135.55
hortalizas,662.5,2,0.4,12,4.89,1772.54
granos,212.5,37,0.1823,3,3.69,2878.08
otros,1150.0,19,0.4043,2,1.4,1590.45
lacteos,600.0,1,0.25,8,1.86,2115.42
frutas,320.0,7,1.0,11,5.34,2914.19
otros,660.0,23,1.0,2,2.99,2356.02
lacteos,30.0,9,0.9,9,7.05,5372.15
hortalizas,20.0,9,1.0,11,2.6,2541.57
granos,950.0,125,0.8117,4,9.64,4675.53
otros,27.0,22,0.6111,1,6.27,2666.47
lacteos,262.5,10,0.8333,8,1.88,3197.92
frutas,75.0,7,0.875,9,10.83,2938.78
frutas,100.0,12,0.6316,11,2.86,2389.49
tuberculos,150.0,4,0.0667,6,8.3,1522.17
frutas,400.0,3,0.2,8,0.58,1678.63
granos,2300.0,189,0.9793,10,3.02,3068.63
frutas,9.0,1,0.05,3,3.32,2428.9
granos,2250.0,49,0.5,2,6.37,3231.15
hortalizas,1020.0,9,1.0,1,3.27,2504.79
frutas,600.0,18,0.9474,4,4.82,3568.57
frutas,2050.0,5,0.4545,9,2.54,2034.44
otros,580.0,2,0.1176,2,7.96,1891.96
granos,2.0,70,0.3398,10,2.33,3505.3
otros,59.0,27,0.45,4,3.33,1815.93
frutas,87.5,3,0.2,8,0.21,1588.98
lacteos,1020.0,1,0.25,6,0.72,2102.14
hortalizas,700.0,6,0.75,6,3.19,1601.48
lacteos,680.0,2,0.6667,12,0.73,4021.68
frutas,11.0,3,0.5,7,0.96,2200.47
lacteos,2.0,3,0.6,2,4.47,4970.49
otros,57.0,30,0.6522,1,1.28,2286.5
granos,2.0,49,0.2016,11,1.08,2355.6
hortalizas,300.0,12,1.0,6,11.31,2231.88
otros,42.0,9,0.2812,10,0.6,2064.94
granos,2100.0,121,0.5378,2,5.32,3540.94
